"Day","Period","Min","Mean","Max"
1,"Period 07-21",1.87019088888889,2.07132418518519,2.48418261728395
2,"Period 07-21",1.85959320987654,2.05613335185185,2.47464380246914
3,"Period 07-21",1.84501785185185,2.04818604938272,2.4677412345679
4,"Period 07-21",1.79427091358025,2.02999272222222,2.4591322962963
5,"Period 07-21",1.76683755555556,2.01425788271605,2.45135098765432
6,"Period 07-21",1.76945234567901,1.99864633333333,2.44851775308642
7,"Period 07-21",1.76584451851852,1.98928532098765,2.45211204938272
8,"Period 07-21",1.75720264197531,1.98455592592593,2.45536343209877
9,"Period 07-21",1.76085207407407,1.98039992592593,2.45199733333333
10,"Period 07-21",1.7583995308642,1.97097130864198,2.44523345679012
11,"Period 07-21",1.7494932345679,1.95487307407407,2.4254584691358
12,"Period 07-21",1.73832558024691,1.93434825925926,2.39621812345679
13,"Period 07-21",1.72908651851852,1.92526256790123,2.38106548148148
14,"Period 07-21",1.71967318518519,1.9134807654321,2.36309891358025
15,"Period 07-21",1.7062024691358,1.89264297530864,2.31394735802469
16,"Period 07-21",1.65900423611111,1.87803913773148,2.25118997685185
17,"Period 07-21",1.66038303703704,1.86012528395062,2.27280824691358
18,"Period 07-21",1.65976227160494,1.84341393827161,2.25565133333333
19,"Period 07-21",1.65956148148148,1.83523751851852,2.23916832098765
20,"Period 07-21",1.65044760493827,1.82227552469136,2.22409387654321
21,"Period 07-21",1.64774637037037,1.80775513580247,2.20562841975309
22,"Period 07-21",1.63351802469136,1.79045785802469,2.18822345679012
23,"Period 07-21",1.61854138271605,1.78217624691358,2.16996461728395
24,"Period 07-21",1.60991271604938,1.77301282098765,2.15545859259259
25,"Period 07-21",1.59650735802469,1.75330383950617,2.12178
26,"Period 07-21",1.58871819753086,1.74005708024691,2.08963358024691
27,"Period 07-21",1.58531632098765,1.73325016049383,2.07530360493827
28,"Period 07-21",1.56703997530864,1.70799262962963,2.02923548148148
29,"Period 07-21",1.5503582962963,1.68095609876543,1.99133938271605
30,"Period 07-21",1.54831758024691,1.66412318518519,1.94181995061728
31,"Period 07-21",1.54381227160494,1.65397884567901,1.91424318518519
32,"Period 07-21",1.53222538271605,1.64618827777778,1.91100071604938
33,"Period 07-21",1.50987491358025,1.63434803703704,1.90704632098765
34,"Period 07-21",1.49711822222222,1.62196167901235,1.89797197530864
35,"Period 07-21",1.48603162962963,1.6052037962963,1.88947338271605
36,"Period 07-21",1.46465997530864,1.58547484567901,1.88687661728395
37,"Period 07-21",1.42506745679012,1.56287848765432,1.86150256790123
38,"Period 07-21",1.3922555308642,1.5496260617284,1.85137535802469
39,"Period 07-21",1.38184711111111,1.54559327160494,1.85307982716049
40,"Period 07-21",1.37093385185185,1.53967482098765,1.85198291358025
41,"Period 07-21",1.3475952345679,1.52533175925926,1.84514424691358
42,"Period 07-21",1.33405249382716,1.50674906790123,1.81800849382716
43,"Period 07-21",1.32374451851852,1.50028764814815,1.80193619753086
44,"Period 07-21",1.3113089382716,1.49295682716049,1.78980787654321
45,"Period 07-21",1.31288903703704,1.48673254938272,1.77752698765432
46,"Period 07-21",1.30621019753086,1.47545997530864,1.76749802469136
47,"Period 07-21",1.29240037037037,1.46697233950617,1.76257822222222
48,"Period 07-21",1.2861809382716,1.45517403703704,1.74505592592593
49,"Period 07-21",1.28365516049383,1.44629440740741,1.74332419753086
50,"Period 07-21",1.26428530864198,1.43119732098765,1.73353093827161
51,"Period 07-21",1.2430137037037,1.4175714691358,1.72501395061728
52,"Period 07-21",1.23289271604938,1.40903446296296,1.7207235308642
53,"Period 07-21",1.224444,1.40595030246914,1.720844
54,"Period 07-21",1.21267145679012,1.40215118518519,1.71316311111111
55,"Period 07-21",1.19573012345679,1.39012800617284,1.70831725925926
56,"Period 07-21",1.17599074074074,1.37675803703704,1.70510832098765
57,"Period 07-21",1.16262812345679,1.36385767901235,1.70462762962963
58,"Period 07-21",1.1463427654321,1.35154654938272,1.70068192592593
59,"Period 07-21",1.13214375308642,1.34336921604938,1.68591212345679
60,"Period 07-21",1.12639649382716,1.34550648148148,1.66184918518519
61,"Period 07-21",1.11171219753086,1.33131917283951,1.65733824691358
62,"Period 07-21",1.10614274074074,1.31984609259259,1.65331572839506
63,"Period 07-21",1.10187972839506,1.31072409259259,1.64240224691358
64,"Period 07-21",1.09924175308642,1.29451036419753,1.62382259259259
65,"Period 07-21",1.09955597530864,1.28759047530864,1.60764851851852
66,"Period 07-21",1.09545291358025,1.27971349382716,1.60064612345679
67,"Period 07-21",1.08690745679012,1.27315761728395,1.59026350617284
68,"Period 07-21",1.08447982716049,1.26514922222222,1.56730772839506
69,"Period 07-21",1.08557928395062,1.26491153703704,1.56733896296296
70,"Period 07-21",1.0621387654321,1.25476201851852,1.56787906172839
71,"Period 07-21",1.04239804938272,1.24140978395062,1.56712548148148
72,"Period 07-21",1.03927150617284,1.2219712654321,1.56446224691358
73,"Period 07-21",1.04098841975309,1.2083510308642,1.54594118518519
74,"Period 07-21",1.02713595061728,1.19798877160494,1.54847187654321
75,"Period 07-21",1.02256518518519,1.20335483950617,1.57667965432099
76,"Period 07-21",1.01981066666667,1.19614372222222,1.54246592592593
77,"Period 07-21",1.01971180246914,1.19207477777778,1.49825580246914
78,"Period 07-21",1.01480972839506,1.18090666049383,1.48048074074074
79,"Period 07-21",0.989761160493827,1.16289421604938,1.45957012345679
80,"Period 07-21",0.958424839506173,1.14667901851852,1.44253703703704
81,"Period 07-21",0.946850518518519,1.13408855555556,1.43267496296296
82,"Period 07-21",0.944357111111111,1.12666248765432,1.41985138271605
83,"Period 07-21",0.938444395061728,1.11708551851852,1.4060242962963
84,"Period 07-21",0.928678962962963,1.11363946296296,1.3922967654321
85,"Period 07-21",0.923315333333333,1.10786818518519,1.3650735308642
86,"Period 07-21",0.953140567901235,1.11445112962963,1.36269108641975
87,"Period 07-21",0.993728592592593,1.12164998148148,1.34465627160494
88,"Period 07-21",0.988286222222222,1.1173702654321,1.34494279012346
89,"Period 07-21",0.925150938271605,1.0970445,1.34400935802469
90,"Period 07-21",0.919711308641975,1.08945748765432,1.33834241975309
91,"Period 07-21",0.916919580246914,1.08136984567901,1.32388103703704
92,"Period 07-21",0.902241975308642,1.06864933950617,1.30869967901235
93,"Period 07-21",0.894563160493827,1.0555547037037,1.28964572839506
94,"Period 07-21",0.891152074074074,1.04645375308642,1.27077930864198
95,"Period 07-21",0.886947703703704,1.03636132098765,1.2514122962963
96,"Period 07-21",0.875226888888889,1.0269787962963,1.24307666666667
97,"Period 07-21",0.867706222222222,1.02078015432099,1.23636417283951
98,"Period 07-21",0.854955654320988,1.01818177160494,1.23914728395062
99,"Period 07-21",0.843956864197531,1.01006875925926,1.23055091358025
100,"Period 07-21",0.844644,0.993600925925926,1.22686256790123
101,"Period 07-21",0.835526444444444,0.984468820987654,1.22987054320988
102,"Period 07-21",0.84069812345679,0.985661049382716,1.23547859259259
103,"Period 07-21",0.837744518518518,0.971899228395062,1.2129992345679
104,"Period 07-21",0.829563975308642,0.962626895061728,1.19950666666667
105,"Period 07-21",0.824800395061728,0.960066481481481,1.20194720987654
106,"Period 07-21",0.820493037037037,0.944786543209877,1.15682879012346
107,"Period 07-21",0.820866148148148,0.938842530864198,1.14261671604938
108,"Period 07-21",0.823529135802469,0.940257401234568,1.14575602469136
109,"Period 07-21",0.810105407407407,0.942374580246914,1.16422041975309
110,"Period 07-21",0.817168938271605,0.943990197530864,1.16389528395062
111,"Period 07-21",0.809138740740741,0.938696074074074,1.15917812345679
112,"Period 07-21",0.803913407407407,0.936124456790123,1.1621384691358
113,"Period 07-21",0.800576197530864,0.939416592592593,1.18598427160494
114,"Period 07-21",0.807215432098765,0.947800648148148,1.20826792592593
115,"Period 07-21",0.810155209876543,0.951275833333333,1.212222
116,"Period 07-21",0.795743407407407,0.947863919753086,1.21146081481481
117,"Period 07-21",0.788985580246914,0.944878901234568,1.19600851851852
118,"Period 07-21",0.797514395061728,0.947849592592593,1.1974630617284
119,"Period 07-21",0.799499530864198,0.948973987654321,1.20792740740741
120,"Period 07-21",0.804111827160494,0.950576401234568,1.22011851851852
121,"Period 07-21",0.821075456790124,0.960578882716049,1.22735580246914
122,"Period 07-21",0.824308938271605,0.969475672839506,1.23236938271605
123,"Period 07-21",0.827969703703704,0.980498635802469,1.23570291358025
124,"Period 07-21",0.846566641975309,0.987259913580247,1.23606844444444
125,"Period 07-21",0.850045827160494,0.997922771604938,1.25739814814815
126,"Period 07-21",0.860766493827161,0.999120358024691,1.2656229382716
127,"Period 07-21",0.859440987654321,0.99743237654321,1.25733792592593
128,"Period 07-21",0.86199012345679,1.01333278395062,1.28425708641975
129,"Period 07-21",0.860662617283951,1.03700754320988,1.33389558024691
130,"Period 07-21",0.877011654320988,1.05392466049383,1.36447014814815
131,"Period 07-21",0.904892148148148,1.06310433333333,1.41401444444444
132,"Period 07-21",0.914449012345679,1.06889757407407,1.40304182716049
133,"Period 07-21",0.925704691358025,1.07726701234568,1.4103097037037
134,"Period 07-21",0.945959259259259,1.10184868518519,1.45556088888889
135,"Period 07-21",0.960934518518519,1.11661010493827,1.47165627160494
136,"Period 07-21",0.959921827160494,1.12908517283951,1.49107496296296
137,"Period 07-21",1.00072814814815,1.12562175308642,1.4440355308642
138,"Period 07-21",1.01731241975309,1.14891781481481,1.50035041975309
139,"Period 07-21",1.01611872685185,1.17462310763889,1.47407990740741
140,"Period 07-21",1.04032300925926,1.18998864872685,1.49126990740741
141,"Period 07-21",1.02847743055556,1.19994069155093,1.5130925462963
142,"Period 07-21",1.06042810185185,1.22281824652778,1.55159111111111
143,"Period 07-21",1.08016420717593,1.22432959201389,1.53884757523148
144,"Period 07-21",1.0978542650463,1.25230794270833,1.59793376736111
145,"Period 07-21",1.13302173611111,1.27775620701058,1.61732522486773
146,"Period 07-21",1.13572991030093,1.29113363208912,1.68213007233796
147,"Period 07-21",1.1709941087963,1.31029602792245,1.66161647280093
148,"Period 07-21",1.18812336516204,1.3344912536169,1.66620439525463
149,"Period 07-21",1.1837144212963,1.33897797123016,1.6956829728836
150,"Period 07-21",1.20275489417989,1.35848529844577,1.7268249239418
151,"Period 07-21",1.21878900462963,1.38058712384259,1.75714659722222
152,"Period 07-21",1.2615231712963,1.41185164351852,1.786098125
153,"Period 07-21",1.2771019212963,1.44393161458333,1.84064881944444
154,"Period 07-21",1.33919190972222,1.48206651041667,1.88859590277778
155,"Period 07-21",1.3566327654321,1.50207245679012,1.87626644444444
156,"Period 07-21",1.37746138271605,1.53616833333333,1.87582054320988
157,"Period 07-21",1.4154147654321,1.5738184382716,1.92407385185185
158,"Period 07-21",1.43416592592593,1.5848622654321,1.95409108641975
159,"Period 07-21",1.41441318518519,1.5906679691358,1.94346797530864
160,"Period 07-21",1.4698722962963,1.61109283950617,1.92395177777778
161,"Period 07-21",1.51170079012346,1.66456437654321,1.96222560493827
162,"Period 07-21",1.53824227160494,1.70085656790123,1.99920269135802
163,"Period 07-21",1.54255130864198,1.71322790740741,2.06733930864198
164,"Period 07-21",1.5501317037037,1.76351244444444,2.08992992592593
165,"Period 07-21",1.57965214814815,1.76736943209877,2.10877148148148
166,"Period 07-21",1.67902837962963,1.78143274884259,2.03818694444444
167,"Period 07-21",1.61894664351852,1.80324179398148,2.09574574074074
168,"Period 07-21",1.62255756944444,1.82489053240741,2.18535694444444
169,"Period 07-21",1.69915575231481,1.85555491030093,2.1796259837963
170,"Period 07-21",1.726435625,1.85695672019676,2.13974909143519
171,"Period 07-21",1.69412527777778,1.85790832368827,2.1214400617284
172,"Period 07-21",1.73997970568783,1.88871447172619,2.19401999338624
173,"Period 07-21",1.71983265542328,1.90867861028439,2.19722567460317
174,"Period 07-21",1.78547670138889,1.94639366608796,2.27078064814815
175,"Period 07-21",1.81389196759259,1.95421984953704,2.24621138888889
176,"Period 07-21",1.81460085648148,1.98405631944444,2.32698509259259
177,"Period 07-21",1.91727160493827,2.06984270987654,2.40439175308642
178,"Period 07-21",1.81074335648148,1.98416098958333,2.26063703703704
179,"Period 07-21",1.99861150617284,2.07379590740741,2.24307106172839
180,"Period 07-21",2.01793572839506,2.11382861111111,2.30611933333333
181,"Period 07-21",1.99753817283951,2.09825368518519,2.23942439506173
182,"Period 07-21",2.02050061728395,2.11786678395062,2.29357837037037
183,"Period 07-21",2.09936508641975,2.19548553703704,2.40671612345679
184,"Period 07-21",2.08822839506173,2.17960597530864,2.37452785185185
185,"Period 07-21",2.09095683950617,2.16335685802469,2.3045522962963
186,"Period 07-21",2.0217724537037,2.16839909722222,2.311221875
187,"Period 07-21",2.03739402777778,2.17070685185185,2.36226627314815
188,"Period 07-21",2.02579380787037,2.1422004369213,2.29628841435185
189,"Period 07-21",2.08662948412698,2.17220518931878,2.27096321428571
190,"Period 07-21",2.08058438946759,2.19034616898148,2.35102397569444
191,"Period 07-21",2.12722648726852,2.21627342664931,2.35432158564815
192,"Period 07-21",2.12490519675926,2.20403751446759,2.32049219907407
193,"Period 07-21",2.0630744212963,2.18210092013889,2.29499251157407
194,"Period 07-21",2.15134559027778,2.21482811342593,2.26604453703704
195,"Period 07-21",2.14777743055556,2.19733800925926,2.27552280092593
196,"Period 07-21",2.11531840277778,2.18630001736111,2.29749083333333
197,"Period 07-21",2.13728011574074,2.2007090625,2.32776773148148
198,"Period 07-21",2.08054585185185,2.25977508024691,2.35587367901235
199,"Period 07-21",2.0503994212963,2.15490916666667,2.25874400462963
200,"Period 07-21",2.1658627654321,2.25691160493827,2.31980812345679
201,"Period 07-21",2.12852760493827,2.23536871604938,2.27865881481481
202,"Period 07-21",2.17029619753086,2.25874233333333,2.33900088888889
203,"Period 07-21",2.16701409876543,2.22313910493827,2.26852466666667
204,"Period 07-21",2.25206118518519,2.27033016049383,2.29105839506173
205,"Period 07-21",2.08313303240741,2.15231623842593,2.22470907407407
206,"Period 07-21",2.09614610780423,2.16005911292989,2.2070803968254
207,"Period 07-21",2.07613942791005,2.13278217427249,2.18691709656085
208,"Period 07-21",2.08106668981481,2.13356862774884,2.20532244212963
209,"Period 07-21",2.05916752314815,2.11003458333333,2.17044770833333
210,"Period 07-21",2.0130393287037,2.08098890625,2.1521184375
211,"Period 07-21",1.98651789351852,2.08854449074074,2.19031407407407
212,"Period 07-21",1.97521340277778,2.06672998697917,2.16061133101852
213,"Period 07-21",1.9329044212963,2.05399447337963,2.18016965277778
214,"Period 07-21",1.92130135416667,2.03148318576389,2.12019402777778
215,"Period 07-21",1.93632903703704,2.07599220987654,2.19711913580247
216,"Period 07-21",1.94550375308642,2.06040666666667,2.1459284691358
217,"Period 07-21",1.92368713580247,2.0246867654321,2.13798441975309
218,"Period 07-21",1.94793071604938,2.00365632098765,2.09248239506173
219,"Period 07-21",1.89165516049383,1.96543117283951,2.04469597530864
220,"Period 07-21",1.86863604938272,1.96177066049383,2.06931340740741
221,"Period 07-21",1.87982024691358,1.95556365432099,2.05151459259259
222,"Period 07-21",1.78025715277778,1.87648005208333,1.98669405092593
223,"Period 07-21",1.75883273148148,1.84953945436508,1.97030632275132
224,"Period 07-21",1.76040453042328,1.84073979166667,1.94654458994709
225,"Period 07-21",1.67887682291667,1.80179940827546,1.91931144097222
226,"Period 07-21",1.65998065806878,1.78664565228175,1.93334927248677
227,"Period 07-21",1.63558519675926,1.76399255208333,1.90559409722222
228,"Period 07-21",1.6000477025463,1.73067270109954,1.89134703703704
229,"Period 07-21",1.57137618055556,1.69331905092593,1.84738905092593
230,"Period 07-21",1.54128001157407,1.67190635416667,1.78666793981481
231,"Period 07-21",1.53015236111111,1.64273803819444,1.75369111111111
232,"Period 07-21",1.49924159722222,1.6155952025463,1.77144483796296
233,"Period 07-21",1.50983138271605,1.62662293209877,1.73785214814815
234,"Period 07-21",1.49668111111111,1.60746979012346,1.72623520987654
235,"Period 07-21",1.4649944691358,1.58803558641975,1.71716204938272
236,"Period 07-21",1.45629834567901,1.55977634567901,1.67799528395062
237,"Period 07-21",1.39870940740741,1.54327872222222,1.65374935802469
238,"Period 07-21",1.36652606481481,1.49384033564815,1.59050877314815
239,"Period 07-21",1.33659142361111,1.46407328993056,1.58014436342593
240,"Period 07-21",1.34810829365079,1.45069037450397,1.56027635582011
241,"Period 07-21",1.31073011574074,1.42571736111111,1.57449688657407
242,"Period 07-21",1.24888109457672,1.39681085896164,1.54351437830688
243,"Period 07-21",1.24514952380952,1.36200580357143,1.49298038690476
244,"Period 07-21",1.19195824074074,1.31941574363426,1.47099605324074
245,"Period 07-21",1.17509374421296,1.30423977430556,1.45837484375
246,"Period 07-21",1.13429212962963,1.27431302662037,1.42093956018519
247,"Period 07-21",1.10956547453704,1.24274994502315,1.37355334490741
248,"Period 07-21",1.071998125,1.20660772569444,1.33170717592593
249,"Period 07-21",1.04957224537037,1.17725146412037,1.31006780092593
250,"Period 07-21",1.06398817283951,1.17102601234568,1.29841172839506
251,"Period 07-21",1.02994212345679,1.14755756790123,1.25852713580247
252,"Period 07-21",1.01740958024691,1.12607313580247,1.22578525925926
253,"Period 07-21",0.98254049382716,1.11351127160494,1.2353787654321
254,"Period 07-21",0.963869358024691,1.08150558024691,1.20874009876543
255,"Period 07-21",0.958226345679012,1.08023577160494,1.19976782716049
256,"Period 07-21",0.933793125,1.05849399884259,1.19569787037037
257,"Period 07-21",0.915238981481482,1.03730757667824,1.15766033564815
258,"Period 07-21",0.916490145502645,1.0231364360119,1.1544879265873
259,"Period 07-21",0.898451845238095,1.00350667162698,1.13293125661376
260,"Period 07-21",0.895120191798942,0.987086517857143,1.08858024140212
261,"Period 07-21",0.854651527777778,0.949289623015873,1.04675809193122
262,"Period 07-21",0.829819226190476,0.930966636904762,1.03801305555556
263,"Period 07-21",0.831293078703704,0.931186412037037,1.02952953703704
264,"Period 07-21",0.830475648148148,0.919961799768519,1.01177233796296
265,"Period 07-21",0.809667476851852,0.908734074074074,1.00819694444444
266,"Period 07-21",0.79434818287037,0.895524227430555,0.998108217592593
267,"Period 07-21",0.790978530092593,0.87429966724537,0.989661608796296
268,"Period 07-21",0.783109728395062,0.863972716049383,0.981999654320988
269,"Period 07-21",0.770254282407407,0.854381961805556,0.993820023148148
270,"Period 07-21",0.752827950617284,0.841930679012346,0.980005851851852
271,"Period 07-21",0.756543481481482,0.842287530864198,0.981932864197531
272,"Period 07-21",0.745458740740741,0.833975314814815,0.985763925925926
273,"Period 07-21",0.757488839506173,0.837108290123457,0.988471259259259
274,"Period 07-21",0.769468541666667,0.854639045138889,0.997944791666667
275,"Period 07-21",0.753851703703704,0.843660567901235,1.00941802469136
276,"Period 07-21",0.754898197530864,0.851555290123457,1.02764725925926
277,"Period 07-21",0.759532172839506,0.861266709876543,1.03800397530864
278,"Period 07-21",0.766134606481481,0.882800659722222,1.07342787037037
279,"Period 07-21",0.768526388888889,0.879138668981481,1.07907293981481
280,"Period 07-21",0.77077169973545,0.887176821263228,1.09818036706349
281,"Period 07-21",0.791649525462963,0.904607077546296,1.12593988425926
282,"Period 07-21",0.821818425925926,0.923550282738095,1.15074387896825
283,"Period 07-21",0.843772400793651,0.952633810350529,1.18435951388889
284,"Period 07-21",0.865449560185185,0.981030153356482,1.20614136574074
285,"Period 07-21",0.890408918650794,1.01139046957672,1.24638927910053
286,"Period 07-21",0.904959236111111,1.03837777777778,1.27389391203704
287,"Period 07-21",0.910522795138889,1.06127458912037,1.30344315972222
288,"Period 07-21",0.924249328703704,1.08415711226852,1.33174671296296
289,"Period 07-21",0.951153796296296,1.11223973958333,1.36514761574074
290,"Period 07-21",0.980404814814815,1.14672672453704,1.41748613425926
291,"Period 07-21",1.00313456597222,1.17613323640046,1.4616845775463
292,"Period 07-21",0.992686354166667,1.1940139380787,1.49132179976852
293,"Period 07-21",0.998384351851852,1.21945217592593,1.55119935185185
294,"Period 07-21",1.03047368055556,1.25046815972222,1.59995289351852
295,"Period 07-21",1.05940796296296,1.27018958333333,1.63261240740741
296,"Period 07-21",1.07314614583333,1.29136085358796,1.68058645833333
297,"Period 07-21",1.10281881944444,1.31401553819444,1.71539502314815
298,"Period 07-21",1.1384675,1.3421871875,1.76204384259259
299,"Period 07-21",1.17119916049383,1.38362000617284,1.78724143209877
300,"Period 07-21",1.20572617283951,1.42693237654321,1.83043380246914
301,"Period 07-21",1.25513391203704,1.4711002662037,1.92561895833333
302,"Period 07-21",1.29987138888889,1.49419734953704,1.95347659722222
303,"Period 07-21",1.34042537037037,1.52773572337963,1.98339613425926
304,"Period 07-21",1.37137136574074,1.55966778356481,2.00854037037037
305,"Period 07-21",1.39895643518519,1.58330409722222,2.04949986111111
306,"Period 07-21",1.4256162037037,1.60932087962963,2.10038868055556
307,"Period 07-21",1.43937872685185,1.63061710069444,2.13878428240741
308,"Period 07-21",1.45492849537037,1.65526767361111,2.1762456712963
309,"Period 07-21",1.47901206018519,1.67594663773148,2.18866810185185
310,"Period 07-21",1.47756581018519,1.69421040509259,2.22398560185185
311,"Period 07-21",1.45946733796296,1.6921428587963,2.24185400462963
312,"Period 07-21",1.48274949074074,1.68991313078704,2.227385
313,"Period 07-21",1.5019831712963,1.69644860532407,2.22004027777778
314,"Period 07-21",1.53808493055556,1.72609521412037,2.23533921296296
315,"Period 07-21",1.56014861111111,1.75379958912037,2.25952678240741
316,"Period 07-21",1.57619555555556,1.78359476273148,2.2986531712963
317,"Period 07-21",1.57265416666667,1.81019419560185,2.33804631944444
318,"Period 07-21",1.59232703703704,1.81662694444444,2.32129841975309
319,"Period 07-21",1.60915498765432,1.83836990123457,2.36189120987654
320,"Period 07-21",1.62356207407407,1.86720816049383,2.40518387654321
321,"Period 07-21",1.64410185185185,1.88522791975309,2.41953632098765
322,"Period 07-21",1.67333074074074,1.90386809876543,2.43973501234568
323,"Period 07-21",1.6950562962963,1.92999647530864,2.46732908641975
324,"Period 07-21",1.72027,1.95805139506173,2.48040291358025
325,"Period 07-21",1.7415217037037,1.97867984567901,2.47721377777778
326,"Period 07-21",1.77342148148148,1.98926833333333,2.4616402962963
327,"Period 07-21",1.77841703703704,1.99524772222222,2.44371666666667
328,"Period 07-21",1.78798185185185,2.01280174074074,2.45627296296296
329,"Period 07-21",1.79108479012346,2.02275116049383,2.45203851851852
330,"Period 07-21",1.79383740740741,2.03407022222222,2.44895407407407
331,"Period 07-21",1.79773977777778,2.04742280864198,2.44059782716049
332,"Period 07-21",1.81068965432099,2.06629137654321,2.46131074074074
333,"Period 07-21",1.83010787654321,2.08693212962963,2.48183508641975
334,"Period 07-21",1.84757666666667,2.10487092592593,2.5116937037037
335,"Period 07-21",1.84274652777778,2.13461164351852,2.52755247685185
336,"Period 07-21",1.87573148148148,2.1346690308642,2.53536333333333
337,"Period 07-21",1.89697355555556,2.15444662345679,2.55074997530864
338,"Period 07-21",1.91882708641975,2.17791933950617,2.5818049382716
339,"Period 07-21",1.93501259259259,2.19860075308642,2.60705518518518
340,"Period 07-21",1.95506222222222,2.21803341975309,2.62836340740741
341,"Period 07-21",1.96835777777778,2.23411968518519,2.65114592592593
342,"Period 07-21",1.98560214814815,2.25193787037037,2.68059740740741
343,"Period 07-21",1.9993184691358,2.25994214814815,2.69882641975309
344,"Period 07-21",2.00574088888889,2.26608837037037,2.70912592592593
345,"Period 07-21",2.01305088888889,2.26850327160494,2.71577419753086
346,"Period 07-21",2.01464982716049,2.26886550617284,2.72053148148148
347,"Period 07-21",2.01806111111111,2.26825088888889,2.7200335308642
348,"Period 07-21",2.01531659259259,2.26780024691358,2.718256
349,"Period 07-21",2.01351777777778,2.26554166666667,2.71354232098765
350,"Period 07-21",2.01319888888889,2.2637082345679,2.70971780246914
351,"Period 07-21",2.01443696296296,2.26456906790123,2.70484291358025
352,"Period 07-21",2.01929296296296,2.26001122222222,2.69388313580247
353,"Period 07-21",2.00021215277778,2.25442788773148,2.64349118055556
354,"Period 07-21",2.01992735802469,2.2435087037037,2.67256597530864
355,"Period 07-21",2.01245155555556,2.23792404938272,2.66750044444444
356,"Period 07-21",2.00302545679012,2.23135938888889,2.65758195061728
357,"Period 07-21",1.99427360493827,2.22557735802469,2.65186313580247
358,"Period 07-21",1.98576632098765,2.21541599382716,2.64168728395062
359,"Period 07-21",1.97918627160494,2.20501762962963,2.62609965432099
360,"Period 07-21",1.96652713580247,2.19473901234568,2.61476264197531
361,"Period 07-21",1.95299609876543,2.18377384567901,2.60287167901235
362,"Period 07-21",1.93624849382716,2.16941993209877,2.59149792592593
363,"Period 07-21",1.9238077037037,2.15612468518519,2.57773750617284
364,"Period 07-21",1.91872064197531,2.14583417283951,2.56715592592593
365,"Period 07-21",1.92100656790123,2.1339972654321,2.54758071604938
366,"Period 07-21",2.04467638888889,2.23372164351852,2.42315462962963
1,"Period 45-59",1.27191982716049,2.02895317283951,2.59174241975309
2,"Period 45-59",1.26306254320988,2.023315,2.59451209876543
3,"Period 45-59",1.2558444691358,2.0103207962963,2.58799943209877
4,"Period 45-59",1.25343669135802,2.00355569135802,2.58822244444444
5,"Period 45-59",1.25039960493827,1.99702390123457,2.58120437037037
6,"Period 45-59",1.2509484691358,1.99109601234568,2.57644814814815
7,"Period 45-59",1.24772622222222,1.98019252469136,2.5614837037037
8,"Period 45-59",1.24285264197531,1.96158558641975,2.53689809876543
9,"Period 45-59",1.23545558024691,1.93735741975309,2.50821686419753
10,"Period 45-59",1.22684481481481,1.91599357407407,2.47622120987654
11,"Period 45-59",1.22116316049383,1.90952316666667,2.46892967901235
12,"Period 45-59",1.2104735308642,1.89745561728395,2.46539103703704
13,"Period 45-59",1.18744456790123,1.87429079012346,2.41941479012346
14,"Period 45-59",1.16687241975309,1.86188867283951,2.38936135802469
15,"Period 45-59",1.14321797530864,1.84602583333333,2.35394911111111
16,"Period 45-59",1.13480372839506,1.82958657407407,2.3189772345679
17,"Period 45-59",1.11513481481481,1.81271315432099,2.29039365432099
18,"Period 45-59",1.08356844444444,1.79155990123457,2.26529548148148
19,"Period 45-59",1.07688785185185,1.78424909876543,2.26441701234568
20,"Period 45-59",1.06310434567901,1.77330314814815,2.26171177777778
21,"Period 45-59",1.05979409876543,1.7635697962963,2.24989883950617
22,"Period 45-59",1.06612869135802,1.75884011728395,2.24115975308642
23,"Period 45-59",1.05921264197531,1.73804569135802,2.21078417283951
24,"Period 45-59",1.05883459259259,1.72402496296296,2.19498414814815
25,"Period 45-59",1.03589224691358,1.7169547654321,2.19336185185185
26,"Period 45-59",1.02320397530864,1.69954232716049,2.15512758024691
27,"Period 45-59",1.02669516049383,1.69643361111111,2.15378385185185
28,"Period 45-59",1.02051617283951,1.6869554691358,2.15099533333333
29,"Period 45-59",0.998945358024691,1.66538495679012,2.12995750617284
30,"Period 45-59",0.995706716049383,1.64796098765432,2.11756360493827
31,"Period 45-59",0.995155679012346,1.62852163580247,2.09425525925926
32,"Period 45-59",0.987527530864197,1.60811062345679,2.08230602469136
33,"Period 45-59",0.967264074074074,1.58681591358025,2.05500916049383
34,"Period 45-59",0.956862592592593,1.58132798765432,2.05056162962963
35,"Period 45-59",0.955932716049383,1.56687238271605,2.0257217037037
36,"Period 45-59",0.944164864197531,1.55121051234568,2.01351637037037
37,"Period 45-59",0.92533837037037,1.53914991358025,1.99536108641975
38,"Period 45-59",0.921896641975309,1.52347155555556,1.96907844444444
39,"Period 45-59",0.924571851851852,1.51496068518519,1.95532854320988
40,"Period 45-59",0.918104024691358,1.50558007407407,1.93940125925926
41,"Period 45-59",0.896056938271605,1.49106256790123,1.92853437037037
42,"Period 45-59",0.88727587654321,1.48591509259259,1.92441358024691
43,"Period 45-59",0.878136987654321,1.48113564814815,1.91632086419753
44,"Period 45-59",0.875469555555556,1.47044460493827,1.88734664197531
45,"Period 45-59",0.867339530864197,1.46162908641975,1.87639449382716
46,"Period 45-59",0.850521160493827,1.45009693209877,1.86680155555556
47,"Period 45-59",0.844901975308642,1.4356364382716,1.83641582716049
48,"Period 45-59",0.846863308641975,1.42563719753086,1.83368590123457
49,"Period 45-59",0.837498419753086,1.41289044444444,1.83018039506173
50,"Period 45-59",0.822640666666667,1.39992990740741,1.81686066666667
51,"Period 45-59",0.820094172839506,1.38878441975309,1.78798387654321
52,"Period 45-59",0.813409555555556,1.3813380617284,1.7702455308642
53,"Period 45-59",0.792049654320988,1.36669677777778,1.76130034567901
54,"Period 45-59",0.777277234567901,1.35572509259259,1.75730911111111
55,"Period 45-59",0.771574617283951,1.35086470987654,1.75790358024691
56,"Period 45-59",0.764490197530864,1.33619100617284,1.73370950617284
57,"Period 45-59",0.788304049382716,1.3296797654321,1.70200879012346
58,"Period 45-59",0.798778049382716,1.31037601234568,1.6646487654321
59,"Period 45-59",0.781163654320988,1.28901217283951,1.6560177037037
60,"Period 45-59",0.788765283950617,1.27826058024691,1.65176841975309
61,"Period 45-59",0.796613382716049,1.26949103703704,1.63791624691358
62,"Period 45-59",0.789371975308642,1.25496575925926,1.63786609876543
63,"Period 45-59",0.764415432098765,1.24086298148148,1.6316127654321
64,"Period 45-59",0.757194987654321,1.23519529012346,1.62834748148148
65,"Period 45-59",0.74479587654321,1.22394094444444,1.621698
66,"Period 45-59",0.751917703703704,1.21671116666667,1.61068943209877
67,"Period 45-59",0.741822814814815,1.20638850617284,1.60838417283951
68,"Period 45-59",0.721363530864197,1.19694182716049,1.61299116049383
69,"Period 45-59",0.710267308641975,1.18584341975309,1.61026281481481
70,"Period 45-59",0.702434962962963,1.17131405555556,1.59258945679012
71,"Period 45-59",0.701355209876543,1.17022232716049,1.59613498765432
72,"Period 45-59",0.693694790123457,1.16432888271605,1.60568086419753
73,"Period 45-59",0.681983802469136,1.1626350308642,1.60853735802469
74,"Period 45-59",0.67606162962963,1.16021335802469,1.60402508641975
75,"Period 45-59",0.676676271604938,1.15526521604938,1.60195777777778
76,"Period 45-59",0.664692518518519,1.14539425308642,1.59676550617284
77,"Period 45-59",0.656554740740741,1.13868338888889,1.59053083950617
78,"Period 45-59",0.656287555555556,1.1440649382716,1.62829083950617
79,"Period 45-59",0.663256691358025,1.14552708024691,1.63997185185185
80,"Period 45-59",0.681568296296296,1.12700262962963,1.57836520987654
81,"Period 45-59",0.684021135802469,1.11732097530864,1.54714350617284
82,"Period 45-59",0.669113061728395,1.0988022962963,1.53069859259259
83,"Period 45-59",0.670088567901234,1.09932966666667,1.52325666666667
84,"Period 45-59",0.664730148148148,1.09998200617284,1.52196518518519
85,"Period 45-59",0.65992550617284,1.09267959876543,1.4973295308642
86,"Period 45-59",0.651357703703704,1.08171208641975,1.48062338271605
87,"Period 45-59",0.651274592592593,1.06309574691358,1.46870908641975
88,"Period 45-59",0.689710888888889,1.05954112345679,1.45541308641975
89,"Period 45-59",0.693686691358025,1.04419036419753,1.4416987654321
90,"Period 45-59",0.679954765432099,1.0285892037037,1.40746081481481
91,"Period 45-59",0.666967901234568,1.02612082098765,1.4149697037037
92,"Period 45-59",0.651861382716049,1.02464630864198,1.43223488888889
93,"Period 45-59",0.63424237037037,1.01939072222222,1.42915311111111
94,"Period 45-59",0.617235012345679,1.01504500617284,1.42873358024691
95,"Period 45-59",0.604003308641975,1.00664680246914,1.41823375308642
96,"Period 45-59",0.598982888888889,0.994582938271605,1.4036387654321
97,"Period 45-59",0.596806913580247,0.991497864197531,1.39812787654321
98,"Period 45-59",0.593317950617284,0.987905956790123,1.38925014814815
99,"Period 45-59",0.582723234567901,0.983224864197531,1.3780152345679
100,"Period 45-59",0.572969506172839,0.971268839506173,1.34125259259259
101,"Period 45-59",0.583102864197531,0.951413098765432,1.25276609876543
102,"Period 45-59",0.593416444444444,0.955843185185185,1.24885024691358
103,"Period 45-59",0.58688987654321,0.953526913580247,1.25072034567901
104,"Period 45-59",0.570980691358025,0.95070500617284,1.25021239506173
105,"Period 45-59",0.562743777777778,0.949181617283951,1.26124269135802
106,"Period 45-59",0.563649901234568,0.951770290123457,1.26863479012346
107,"Period 45-59",0.563431679012346,0.945585913580247,1.25711698765432
108,"Period 45-59",0.560456469135802,0.944106641975309,1.25685204938272
109,"Period 45-59",0.554286987654321,0.939855111111111,1.24923772839506
110,"Period 45-59",0.551227555555556,0.93657750617284,1.25344822222222
111,"Period 45-59",0.557482222222222,0.937900444444444,1.26442456790123
112,"Period 45-59",0.557925802469136,0.940896364197531,1.27734595061728
113,"Period 45-59",0.557997037037037,0.935588006172839,1.27044414814815
114,"Period 45-59",0.557121703703704,0.93700899382716,1.28080567901235
115,"Period 45-59",0.555389851851852,0.941732481481481,1.28973501234568
116,"Period 45-59",0.546936888888889,0.941175098765432,1.29253422222222
117,"Period 45-59",0.547669135802469,0.946491209876543,1.30619817283951
118,"Period 45-59",0.555399382716049,0.948428475308642,1.31462138271605
119,"Period 45-59",0.558003407407407,0.949278722222222,1.30456758024691
120,"Period 45-59",0.560778098765432,0.949992932098765,1.28782362962963
121,"Period 45-59",0.561713827160494,0.954919179012346,1.2893495308642
122,"Period 45-59",0.561537530864198,0.958910932098765,1.29998985185185
123,"Period 45-59",0.573304024691358,0.973819080246914,1.32203911111111
124,"Period 45-59",0.574167925925926,0.983023790123457,1.33752271604938
125,"Period 45-59",0.586078691358025,0.994144975308642,1.36407703703704
126,"Period 45-59",0.589195333333333,1.00809137654321,1.41344017283951
127,"Period 45-59",0.596153037037037,1.0219192654321,1.43213693827161
128,"Period 45-59",0.609190444444444,1.03750258024691,1.45201916049383
129,"Period 45-59",0.614392148148148,1.04032116666667,1.44783864197531
130,"Period 45-59",0.624347580246914,1.04456403703704,1.43049002469136
131,"Period 45-59",0.636777185185185,1.06196574691358,1.45518404938272
132,"Period 45-59",0.652233777777778,1.07316474691358,1.47642113580247
133,"Period 45-59",0.653897407407407,1.07855186419753,1.49554071604938
134,"Period 45-59",0.653935037037037,1.07802131481481,1.48475760493827
135,"Period 45-59",0.680593160493827,1.10801954938272,1.53342632098765
136,"Period 45-59",0.693888493827161,1.13859321604938,1.60617920987654
137,"Period 45-59",0.704065654320988,1.15861024074074,1.63374659259259
138,"Period 45-59",0.714198592592593,1.1777267037037,1.67252609876543
139,"Period 45-59",0.729448320987654,1.19279898765432,1.68506009876543
140,"Period 45-59",0.749044666666667,1.20060167901235,1.65980760493827
141,"Period 45-59",0.763716098765432,1.22304307407407,1.69329316049383
142,"Period 45-59",0.789506148148148,1.24910392592593,1.7524004691358
143,"Period 45-59",0.785981234567901,1.25518131481481,1.7544155308642
144,"Period 45-59",0.822478296296296,1.27981264814815,1.76292585185185
145,"Period 45-59",0.838756395061728,1.30757787654321,1.82454691358025
146,"Period 45-59",0.845865481481481,1.33061288271605,1.89016587654321
147,"Period 45-59",0.863373283950617,1.36218467901235,1.94748195061728
148,"Period 45-59",0.902208148148148,1.38536498765432,1.94251259259259
149,"Period 45-59",0.937432913580247,1.40551251851852,1.93848051851852
150,"Period 45-59",0.914616469135802,1.40054294444444,1.93778592592593
151,"Period 45-59",0.947407802469136,1.44641411111111,2.02423990123457
152,"Period 45-59",0.994415851851852,1.49670780246914,2.04965614814815
153,"Period 45-59",1.01587002469136,1.49472491975309,2.00117841975309
154,"Period 45-59",1.04108607407407,1.51919767283951,2.05421614814815
155,"Period 45-59",1.04484977777778,1.5675717037037,2.12702103703704
156,"Period 45-59",1.06837243055556,1.55393564814815,2.11157847222222
157,"Period 45-59",1.07505019675926,1.563993203125,2.06163366898148
158,"Period 45-59",1.07230962962963,1.60151725115741,2.09663652777778
159,"Period 45-59",1.1393444212963,1.60890758101852,2.12015543981481
160,"Period 45-59",1.16100155092593,1.6589250462963,2.17694106481481
161,"Period 45-59",1.18521191798942,1.66979359044312,2.16660383597884
162,"Period 45-59",1.21976850405093,1.71800628616898,2.24079855034722
163,"Period 45-59",1.26414796296296,1.73930463252315,2.22970701388889
164,"Period 45-59",1.29089369502315,1.76163966290509,2.23788570891204
165,"Period 45-59",1.33103472222222,1.79072144965278,2.21367585648148
166,"Period 45-59",1.30290335648148,1.82126222800926,2.34204260416667
167,"Period 45-59",1.44911325925926,1.91918033333333,2.34961145679012
168,"Period 45-59",1.46127716049383,1.92567090740741,2.36259750617284
169,"Period 45-59",1.51441088888889,1.9600765,2.33359943209877
170,"Period 45-59",1.4788849382716,1.98951725925926,2.32474580246914
171,"Period 45-59",1.51688550617284,1.99179564197531,2.31247817283951
172,"Period 45-59",1.61302190123457,2.01582135802469,2.29196202469136
173,"Period 45-59",1.60456795061728,2.04375690123457,2.3207564691358
174,"Period 45-59",1.63380081481481,2.09671149382716,2.38900565432099
175,"Period 45-59",1.56858259259259,2.05302580439815,2.38634092592593
176,"Period 45-59",1.62716423611111,2.04706044560185,2.41519069444444
177,"Period 45-59",1.66775856790123,2.16440983950617,2.45245518518519
178,"Period 45-59",1.67077585648148,2.11422075231481,2.41810895833333
179,"Period 45-59",1.6175194212963,2.11361486400463,2.42508512731481
180,"Period 45-59",1.70683328703704,2.18537648726852,2.50177134259259
181,"Period 45-59",1.72542070601852,2.19264191261574,2.50283026041667
182,"Period 45-59",1.68932144675926,2.17494993344907,2.47590608796296
183,"Period 45-59",1.72655076388889,2.17805785631614,2.46485780753968
184,"Period 45-59",1.76511542989418,2.23027542080026,2.48421498677249
185,"Period 45-59",1.77817637731481,2.2417719849537,2.51463413194444
186,"Period 45-59",1.81486798611111,2.28592998842593,2.54439509259259
187,"Period 45-59",1.89877995061728,2.35133485185185,2.65483227160494
188,"Period 45-59",1.96992133333333,2.40127124691358,2.720548
189,"Period 45-59",1.91948683950617,2.41098197530864,2.75793469135802
190,"Period 45-59",1.95360041975309,2.44997825308642,2.73184261728395
191,"Period 45-59",1.95235896296296,2.44614990123457,2.77744716049383
192,"Period 45-59",1.91265382716049,2.42038061111111,2.7741157037037
193,"Period 45-59",1.97214928395062,2.42754437654321,2.78673967901235
194,"Period 45-59",1.99271244444444,2.46035448148148,2.85685513580247
195,"Period 45-59",1.92335617283951,2.43834351234568,2.83510437037037
196,"Period 45-59",1.97116807407407,2.47287734567901,2.84385165432099
197,"Period 45-59",1.9046959837963,2.39389911458333,2.78712414351852
198,"Period 45-59",1.793283125,2.37196741608796,2.76453155092593
199,"Period 45-59",1.82251969907407,2.3839074537037,2.75670280092593
200,"Period 45-59",1.81422493055556,2.37258161458333,2.78746578703704
201,"Period 45-59",1.84398761904762,2.39588317212302,2.80603903439153
202,"Period 45-59",1.78857412615741,2.35635907841435,2.76518615162037
203,"Period 45-59",1.81081284143519,2.3536923365162,2.74838493634259
204,"Period 45-59",1.76841672453704,2.34068816550926,2.79637743055556
205,"Period 45-59",1.87768195061728,2.44521696296296,2.88342911111111
206,"Period 45-59",1.82952691358025,2.44210524074074,2.90018330864198
207,"Period 45-59",1.84254972839506,2.41691620987654,2.8530302962963
208,"Period 45-59",1.78605051851852,2.41673997530864,2.87648113580247
209,"Period 45-59",1.77365165432099,2.41262261111111,2.94087133333333
210,"Period 45-59",1.77962049382716,2.40263233950617,2.89947762962963
211,"Period 45-59",1.73912212345679,2.37988004320988,2.87339787654321
212,"Period 45-59",1.63497694444444,2.28930766782407,2.64518361111111
213,"Period 45-59",1.67848098765432,2.3398947654321,2.82356338271605
214,"Period 45-59",1.68123733333333,2.33961270987654,2.84097027160494
215,"Period 45-59",1.55752636574074,2.21331485532407,2.63313189814815
216,"Period 45-59",1.55847344907407,2.21495844907407,2.65417550925926
217,"Period 45-59",1.53726637731481,2.20034083333333,2.66016234953704
218,"Period 45-59",1.48465583333333,2.16080201388889,2.60613145833333
219,"Period 45-59",1.49132828125,2.15328358796296,2.60225797453704
220,"Period 45-59",1.44056775462963,2.10738650462963,2.598991875
221,"Period 45-59",1.42300849537037,2.10179699652778,2.60170893518519
222,"Period 45-59",1.46756148148148,2.15519931481481,2.58974960493827
223,"Period 45-59",1.41324034567901,2.13752222839506,2.64068234567901
224,"Period 45-59",1.39298560493827,2.09992388888889,2.59865301234568
225,"Period 45-59",1.38330222222222,2.05010084567901,2.4175615308642
226,"Period 45-59",1.29235571759259,1.96619486111111,2.30506421296296
227,"Period 45-59",1.25716666666667,1.93413177662037,2.24548520833333
228,"Period 45-59",1.22856548611111,1.91086563078704,2.25400136574074
229,"Period 45-59",1.26319990123457,1.9684360617284,2.44294898765432
230,"Period 45-59",1.1656824537037,1.8468347974537,2.26193143518518
231,"Period 45-59",1.15754032407407,1.84387120804398,2.26278825231481
232,"Period 45-59",1.13431773148148,1.81776526041667,2.24833599537037
233,"Period 45-59",1.10110282407407,1.79106298032407,2.20703342592593
234,"Period 45-59",1.06774819444444,1.77811225694444,2.20474921296296
235,"Period 45-59",1.06516751736111,1.74002596354167,2.17388978587963
236,"Period 45-59",1.03310747685185,1.68469063078704,2.05339460648148
237,"Period 45-59",1.00594381944444,1.64579868344907,2.00486518518519
238,"Period 45-59",0.975436736111111,1.62769690972222,1.97535122685185
239,"Period 45-59",0.984976172839506,1.64876943209877,2.01398609876543
240,"Period 45-59",0.981243407407407,1.61059001234568,1.95452792592593
241,"Period 45-59",0.943395086419753,1.58346251851852,1.91364101234568
242,"Period 45-59",0.89554900462963,1.5257531712963,1.85116326388889
243,"Period 45-59",0.874604131944444,1.48659342013889,1.83253962962963
244,"Period 45-59",0.880089160493827,1.48291104320988,1.79907180246914
245,"Period 45-59",0.85271362962963,1.46429087037037,1.78665116049383
246,"Period 45-59",0.814089502314815,1.38584616608796,1.72393719907407
247,"Period 45-59",0.806062297453704,1.37384105902778,1.69521669560185
248,"Period 45-59",0.762454849537037,1.34315802083333,1.69455008101852
249,"Period 45-59",0.713316342592593,1.30785458622685,1.67451671296296
250,"Period 45-59",0.714838587962963,1.30137369791667,1.6318412037037
251,"Period 45-59",0.693783570601852,1.26815826822917,1.58868680555556
252,"Period 45-59",0.69572443287037,1.23838067708333,1.54899696759259
253,"Period 45-59",0.7210778125,1.22232408564815,1.49308210648148
254,"Period 45-59",0.708543912037037,1.20136982638889,1.44148731481481
255,"Period 45-59",0.692529901234568,1.18588912345679,1.46704698765432
256,"Period 45-59",0.633178814814815,1.1357287037037,1.43908279012346
257,"Period 45-59",0.62096024691358,1.11545201234568,1.41651333333333
258,"Period 45-59",0.591794375,1.08379339699074,1.36888951388889
259,"Period 45-59",0.589974740740741,1.09182432098765,1.38750375308642
260,"Period 45-59",0.571012222222222,1.07003434567901,1.37528118518519
261,"Period 45-59",0.568122824074074,1.02469421296296,1.32329726851852
262,"Period 45-59",0.566961435185185,1.01027155671296,1.2808975
263,"Period 45-59",0.546293229166667,0.976006724537037,1.21594821759259
264,"Period 45-59",0.533579884259259,0.955509103009259,1.17982673611111
265,"Period 45-59",0.540842430555555,0.938397054398148,1.14034386574074
266,"Period 45-59",0.532514884259259,0.913091180555556,1.09430238425926
267,"Period 45-59",0.527696030092593,0.905749453125,1.06854149884259
268,"Period 45-59",0.523159722222222,0.900870425347222,1.06595482060185
269,"Period 45-59",0.523556203703704,0.891885668402778,1.06140375
270,"Period 45-59",0.516804722222222,0.870249846643519,1.05276856481481
271,"Period 45-59",0.521608773148148,0.859846414930556,1.05553960648148
272,"Period 45-59",0.515893738425926,0.865243411458333,1.07957787037037
273,"Period 45-59",0.492310914351852,0.849993220486111,1.08319087962963
274,"Period 45-59",0.474767083333333,0.84767431712963,1.10288055555556
275,"Period 45-59",0.475012916666667,0.834137152777778,1.0873674537037
276,"Period 45-59",0.459947086419753,0.855049839506173,1.14649560493827
277,"Period 45-59",0.452740617283951,0.850507685185185,1.16632251851852
278,"Period 45-59",0.450228333333333,0.848275706018519,1.16356787037037
279,"Period 45-59",0.443319143518518,0.847575358796296,1.17460969907407
280,"Period 45-59",0.440139050925926,0.855240225694444,1.20994923611111
281,"Period 45-59",0.441618148148148,0.868378567901235,1.27077745679012
282,"Period 45-59",0.442353851851852,0.875601456790123,1.30486738271605
283,"Period 45-59",0.44029024691358,0.8911435,1.34499520987654
284,"Period 45-59",0.441242002314815,0.918290934606481,1.38743782407407
285,"Period 45-59",0.438649155092593,0.911809574652778,1.40916260416667
286,"Period 45-59",0.446739293981481,0.913034363425926,1.39738851851852
287,"Period 45-59",0.447248125,0.928650561342593,1.4199787037037
288,"Period 45-59",0.452126226851852,0.947040862268519,1.43842069444444
289,"Period 45-59",0.45731087962963,0.970221770833333,1.48107275462963
290,"Period 45-59",0.466910358796296,1.00355911168981,1.56057947916667
291,"Period 45-59",0.478354415509259,1.03303484664352,1.61837603587963
292,"Period 45-59",0.484264519675926,1.05825178674769,1.66535693865741
293,"Period 45-59",0.495617916666667,1.085891875,1.73212604166667
294,"Period 45-59",0.504250833333333,1.11044539930556,1.77949752314815
295,"Period 45-59",0.516877962962963,1.13712712239583,1.83087256944444
296,"Period 45-59",0.522956603009259,1.16223466724537,1.87471181712963
297,"Period 45-59",0.53340837962963,1.19407167824074,1.92607863425926
298,"Period 45-59",0.551641898148148,1.22881238425926,1.96897916666667
299,"Period 45-59",0.57139224537037,1.25058621527778,1.99052282407407
300,"Period 45-59",0.592083634259259,1.27556766782407,2.02779423611111
301,"Period 45-59",0.61248162037037,1.30312701967593,2.04398953703704
302,"Period 45-59",0.62983087962963,1.33457783564815,2.09074224537037
303,"Period 45-59",0.649226898148148,1.37059167824074,2.13494350694444
304,"Period 45-59",0.664183773148148,1.39778286458333,2.18861289351852
305,"Period 45-59",0.68366099537037,1.42273984953704,2.22176710648148
306,"Period 45-59",0.702513888888889,1.44402723090278,2.25385618055556
307,"Period 45-59",0.717983287037037,1.46342127314815,2.2819350462963
308,"Period 45-59",0.738677951388889,1.48229854166667,2.31736108796296
309,"Period 45-59",0.754158078703704,1.50491600405093,2.33988649305556
310,"Period 45-59",0.763755208333333,1.52317506944444,2.36557939814815
311,"Period 45-59",0.779822453703704,1.54911458043981,2.39508069444444
312,"Period 45-59",0.795350902777778,1.57120063657407,2.41508071759259
313,"Period 45-59",0.80960224537037,1.5943065625,2.45241982638889
314,"Period 45-59",0.827100694444445,1.61972094328704,2.47850873842593
315,"Period 45-59",0.854184814814815,1.65656715277778,2.51204118055556
316,"Period 45-59",0.868112453703704,1.69082227430556,2.5324230787037
317,"Period 45-59",0.85984162962963,1.7184449691358,2.56412395061728
318,"Period 45-59",0.874321481481482,1.73384045061728,2.56686911111111
319,"Period 45-59",0.888504444444444,1.74431218518519,2.56432602469136
320,"Period 45-59",0.909710049382716,1.74827262345679,2.53513550617284
321,"Period 45-59",0.928925185185185,1.76971356790123,2.54654575308642
322,"Period 45-59",0.955414444444444,1.79746172839506,2.56726698765432
323,"Period 45-59",0.973332543209877,1.81335828395062,2.56636313580247
324,"Period 45-59",0.993879703703704,1.81896350617284,2.53457545679012
325,"Period 45-59",1.01985296296296,1.824264,2.50823925925926
326,"Period 45-59",1.04492666666667,1.8426327037037,2.49767118518519
327,"Period 45-59",1.06911639506173,1.86810833333333,2.51717404938272
328,"Period 45-59",1.09578259259259,1.88730074691358,2.52879079012346
329,"Period 45-59",1.10642888888889,1.89998495061728,2.55036609876543
330,"Period 45-59",1.11296333333333,1.91244116666667,2.55916520987654
331,"Period 45-59",1.13500296296296,1.93185455555556,2.57052637037037
332,"Period 45-59",1.1538862962963,1.95098953703704,2.59167960493827
333,"Period 45-59",1.17800518518519,1.9769544691358,2.62579449382716
334,"Period 45-59",1.19954622222222,2.00538747530864,2.66113995061728
335,"Period 45-59",1.22947632098765,2.02331088271605,2.64697128395062
336,"Period 45-59",1.26356459259259,2.0392505308642,2.62947150617284
337,"Period 45-59",1.29355965432099,2.05946716049383,2.62327486419753
338,"Period 45-59",1.31851074074074,2.08095295679012,2.64552481481481
339,"Period 45-59",1.32736338271605,2.09768349382716,2.6640862962963
340,"Period 45-59",1.33458111111111,2.11616748765432,2.6823835308642
341,"Period 45-59",1.33917777777778,2.13141804320988,2.7126604691358
342,"Period 45-59",1.34175158024691,2.14588648765432,2.73682185185185
343,"Period 45-59",1.34868518518519,2.16371488271605,2.76607780246914
344,"Period 45-59",1.3521462962963,2.17726575925926,2.78497113580247
345,"Period 45-59",1.35560382716049,2.18610582716049,2.79019525925926
346,"Period 45-59",1.35711481481481,2.19223583333333,2.79018444444444
347,"Period 45-59",1.35378311111111,2.19421100617284,2.78579165432099
348,"Period 45-59",1.35160444444444,2.1961807654321,2.7849030617284
349,"Period 45-59",1.34437259259259,2.19627537037037,2.78390148148148
350,"Period 45-59",1.34373222222222,2.19606525308642,2.7843007654321
351,"Period 45-59",1.34320777777778,2.19136231481481,2.78300518518519
352,"Period 45-59",1.34447098765432,2.18989570987654,2.78104481481481
353,"Period 45-59",1.34436037037037,2.19047425925926,2.77887444444444
354,"Period 45-59",1.34435037037037,2.18497505555556,2.77157160493827
355,"Period 45-59",1.34390111111111,2.17792092592593,2.76013
356,"Period 45-59",1.34014074074074,2.17011531481482,2.74479977777778
357,"Period 45-59",1.3367242962963,2.16382797530864,2.73709575308642
358,"Period 45-59",1.3286037037037,2.15752137037037,2.73216883950617
359,"Period 45-59",1.31838555555556,2.15085491358025,2.73286809876543
360,"Period 45-59",1.31150851851852,2.1383657962963,2.71194320987654
361,"Period 45-59",1.30854158024691,2.12740932716049,2.69546592592593
362,"Period 45-59",1.30381167901235,2.11652197530864,2.67995592592593
363,"Period 45-59",1.29970641975309,2.11028450617284,2.66531516049383
364,"Period 45-59",1.29548602469136,2.10508512345679,2.65316879012346
365,"Period 45-59",1.2756992345679,2.08952459259259,2.63541592592593
366,"Period 45-59",1.15282777777778,2.06884447530864,3.10896111111111
1,"Period 85-99",1.82984007407407,2.04126724074074,2.30344182716049
2,"Period 85-99",1.81445007407407,2.02876792592593,2.29620841975309
3,"Period 85-99",1.80830901234568,2.01947693209877,2.28902503703704
4,"Period 85-99",1.80440962962963,2.01127232098765,2.28423780246914
5,"Period 85-99",1.79018533333333,2.00119839506173,2.28334738271605
6,"Period 85-99",1.77875797530864,1.98656580864198,2.27229513580247
7,"Period 85-99",1.77097879012346,1.97577299382716,2.26044854320988
8,"Period 85-99",1.77092283950617,1.9643702962963,2.23800893827161
9,"Period 85-99",1.76866481481481,1.95123849382716,2.21154804938272
10,"Period 85-99",1.70676195061728,1.92498882716049,2.18367780246914
11,"Period 85-99",1.71126916049383,1.91409602469136,2.15318609876543
12,"Period 85-99",1.70079175308642,1.90067017901235,2.14443696296296
13,"Period 85-99",1.6988982962963,1.88613907407407,2.12755693827161
14,"Period 85-99",1.68360565432099,1.87095451851852,2.09877595061728
15,"Period 85-99",1.67416377777778,1.85672413580247,2.08167888888889
16,"Period 85-99",1.61417004938272,1.82756749382716,2.06730039506173
17,"Period 85-99",1.60797775308642,1.82006840740741,2.05236024691358
18,"Period 85-99",1.60176802469136,1.81069004320988,2.04338232098765
19,"Period 85-99",1.5992522962963,1.79892332098765,2.0321849382716
20,"Period 85-99",1.58857358024691,1.79410248765432,2.02933002469136
21,"Period 85-99",1.55989503703704,1.77892922839506,2.01769750617284
22,"Period 85-99",1.53924883950617,1.76492703703704,2.00811925925926
23,"Period 85-99",1.52686041975309,1.75098945061728,2.00207891358025
24,"Period 85-99",1.5154487654321,1.73726564814815,1.98203074074074
25,"Period 85-99",1.50014896296296,1.72044751851852,1.95693219753086
26,"Period 85-99",1.48607891358025,1.7023472345679,1.93996116049383
27,"Period 85-99",1.4794095308642,1.67863634567901,1.92371548148148
28,"Period 85-99",1.48109817283951,1.66136135802469,1.91354261728395
29,"Period 85-99",1.47787486419753,1.64090137037037,1.88706669135802
30,"Period 85-99",1.47076061728395,1.63015857407407,1.87149617283951
31,"Period 85-99",1.4399152345679,1.61275664197531,1.86503802469136
32,"Period 85-99",1.41603269135802,1.59831772839506,1.8659172345679
33,"Period 85-99",1.38881328395062,1.58244365432099,1.85500451851852
34,"Period 85-99",1.37896849382716,1.57294889506173,1.8337627654321
35,"Period 85-99",1.37038980246914,1.5666857962963,1.81566204938272
36,"Period 85-99",1.36698691358025,1.56181898148148,1.80294790123457
37,"Period 85-99",1.35187316049383,1.553776,1.79277311111111
38,"Period 85-99",1.33674901234568,1.53745774074074,1.75369301234568
39,"Period 85-99",1.32414543209877,1.52418382716049,1.73414945679012
40,"Period 85-99",1.32296849382716,1.51398795061728,1.72619851851852
41,"Period 85-99",1.31602409876543,1.50189290123457,1.70774251851852
42,"Period 85-99",1.29731197530864,1.48335179012346,1.67500681481481
43,"Period 85-99",1.30374619753086,1.47206730864198,1.65697725925926
44,"Period 85-99",1.29782454320988,1.46157078395062,1.65460511111111
45,"Period 85-99",1.28752380246914,1.44577175925926,1.65049303703704
46,"Period 85-99",1.29399990123457,1.43790287037037,1.62238861728395
47,"Period 85-99",1.27752486419753,1.42470894444444,1.61138192592593
48,"Period 85-99",1.26447180246914,1.41200715432099,1.6109092345679
49,"Period 85-99",1.26738325925926,1.40287207407407,1.60000624691358
50,"Period 85-99",1.24320683950617,1.38750024074074,1.57121207407407
51,"Period 85-99",1.23117955555556,1.37679893827161,1.55798343209877
52,"Period 85-99",1.22031819753086,1.37260200617284,1.5582002962963
53,"Period 85-99",1.20207656790123,1.35993304938272,1.55002980246914
54,"Period 85-99",1.17556385185185,1.34582135802469,1.53655461728395
55,"Period 85-99",1.16029538271605,1.33357949382716,1.52934535802469
56,"Period 85-99",1.14674254320988,1.32792714814815,1.54720417283951
57,"Period 85-99",1.13246938271605,1.32139066666667,1.5612007654321
58,"Period 85-99",1.11909128395062,1.3059337962963,1.52916061728395
59,"Period 85-99",1.12614316049383,1.29556911728395,1.50730496296296
60,"Period 85-99",1.13306728395062,1.29047072839506,1.51191511111111
61,"Period 85-99",1.0954557037037,1.27550648148148,1.49986854320988
62,"Period 85-99",1.08183661728395,1.26984787654321,1.49504274074074
63,"Period 85-99",1.09190108641975,1.26555562345679,1.49337451851852
64,"Period 85-99",1.09190308641975,1.2613529691358,1.48971241975309
65,"Period 85-99",1.07037232098765,1.24824491358025,1.47897091358025
66,"Period 85-99",1.05016562962963,1.23434884567901,1.46308101234568
67,"Period 85-99",1.04003325925926,1.21777145679012,1.44935911111111
68,"Period 85-99",1.02611664197531,1.2048212345679,1.44468869135802
69,"Period 85-99",1.02453580246914,1.20128862345679,1.43356738271605
70,"Period 85-99",1.02410906172839,1.19239640123457,1.41961138271605
71,"Period 85-99",1.01975434567901,1.18128838888889,1.41322283950617
72,"Period 85-99",1.00060214814815,1.16468597530864,1.39684767901235
73,"Period 85-99",0.985777382716049,1.15135701851852,1.38066195061728
74,"Period 85-99",0.964760839506173,1.14005791975309,1.37719483950617
75,"Period 85-99",0.94256237037037,1.12648024074074,1.37107595061728
76,"Period 85-99",0.934372592592593,1.11840418518519,1.37210488888889
77,"Period 85-99",0.947413061728395,1.11437821604938,1.36685439506173
78,"Period 85-99",0.966013777777778,1.11134497530864,1.36307859259259
79,"Period 85-99",0.948708938271605,1.094275,1.35365397530864
80,"Period 85-99",0.943202567901235,1.08867751234568,1.3511972345679
81,"Period 85-99",0.931942419753086,1.07976601851852,1.32782417283951
82,"Period 85-99",0.919847530864197,1.07932181481481,1.34702340740741
83,"Period 85-99",0.891625086419753,1.06257362962963,1.33367212345679
84,"Period 85-99",0.893893679012346,1.04945177160494,1.30438849382716
85,"Period 85-99",0.893414962962963,1.03728382716049,1.30130298765432
86,"Period 85-99",0.887532691358025,1.02994259259259,1.2937529382716
87,"Period 85-99",0.88665162962963,1.02525859259259,1.29148377777778
88,"Period 85-99",0.88762849382716,1.02577052469136,1.28845158024691
89,"Period 85-99",0.899635604938272,1.02886506172839,1.27492550617284
90,"Period 85-99",0.897811925925926,1.02507696296296,1.27157743209877
91,"Period 85-99",0.89064950617284,1.01964436419753,1.27003066666667
92,"Period 85-99",0.875097111111111,1.01460830246914,1.26516190123457
93,"Period 85-99",0.858006962962963,1.00955796296296,1.26007738271605
94,"Period 85-99",0.841276419753086,0.999048388888889,1.24407624691358
95,"Period 85-99",0.828913209876543,0.99224012962963,1.23421296296296
96,"Period 85-99",0.826961851851852,0.991009913580247,1.22964787654321
97,"Period 85-99",0.827476395061728,0.988029061728395,1.2234844691358
98,"Period 85-99",0.817082148148148,0.98386699382716,1.22203624691358
99,"Period 85-99",0.799106592592593,0.971891703703704,1.21356772839506
100,"Period 85-99",0.786499975308642,0.957231864197531,1.19647469135802
101,"Period 85-99",0.78367012345679,0.947147672839506,1.19027259259259
102,"Period 85-99",0.782532222222222,0.947582833333333,1.19039481481481
103,"Period 85-99",0.780510666666667,0.945789271604938,1.18322548148148
104,"Period 85-99",0.781356543209876,0.931211111111111,1.14079861728395
105,"Period 85-99",0.774775160493827,0.922496839506173,1.12196202469136
106,"Period 85-99",0.775774592592593,0.921324475308642,1.12351074074074
107,"Period 85-99",0.785311679012346,0.916156166666667,1.10358713580247
108,"Period 85-99",0.784236098765432,0.911420154320988,1.08936397530864
109,"Period 85-99",0.777077456790123,0.908053197530864,1.08866158024691
110,"Period 85-99",0.776227012345679,0.910684586419753,1.10185380246914
111,"Period 85-99",0.775105061728395,0.909615827160494,1.10230288888889
112,"Period 85-99",0.787650345679012,0.906737327160494,1.07017059259259
113,"Period 85-99",0.785867407407407,0.908111296296296,1.07332792592593
114,"Period 85-99",0.788276518518518,0.910130092592593,1.07584244444444
115,"Period 85-99",0.795295481481482,0.912022191358025,1.07730802469136
116,"Period 85-99",0.791025209876543,0.909159679012346,1.08111928395062
117,"Period 85-99",0.795644469135803,0.914516685185185,1.08007254320988
118,"Period 85-99",0.802819160493827,0.921710135802469,1.09484824691358
119,"Period 85-99",0.800097456790124,0.925014654320988,1.09319627160494
120,"Period 85-99",0.806280814814815,0.926084759259259,1.08657039506173
121,"Period 85-99",0.816790666666667,0.928990524691358,1.0928142962963
122,"Period 85-99",0.835544469135802,0.938356796296296,1.09983209876543
123,"Period 85-99",0.830632765432099,0.942378043209877,1.11376355555556
124,"Period 85-99",0.848203580246914,0.956072648148148,1.12407032098765
125,"Period 85-99",0.846505950617284,0.967973765432099,1.1354207654321
126,"Period 85-99",0.857459012345679,0.972777858024691,1.14106407407407
127,"Period 85-99",0.873226641975309,0.986352271604938,1.16259091358025
128,"Period 85-99",0.866960592592593,0.989715586419753,1.16877795061728
129,"Period 85-99",0.888076049382716,0.999618382716049,1.16778444444444
130,"Period 85-99",0.904782419753086,1.01276002469136,1.16511469135802
131,"Period 85-99",0.924852567901235,1.03407182098765,1.17968044444444
132,"Period 85-99",0.937245506172839,1.05334135802469,1.21167664197531
133,"Period 85-99",0.940660049382716,1.05583535802469,1.21681014814815
134,"Period 85-99",0.967730024691358,1.0707777345679,1.23432444444444
135,"Period 85-99",0.981722,1.08415097530864,1.25258007407407
136,"Period 85-99",0.997122518518519,1.11348445061728,1.28512449382716
137,"Period 85-99",1.00259145679012,1.12500609876543,1.29611469135802
138,"Period 85-99",1.04284182716049,1.14960661111111,1.31607822222222
139,"Period 85-99",1.04327501234568,1.15672309259259,1.3202477037037
140,"Period 85-99",1.05608266203704,1.17363645833333,1.34441425925926
141,"Period 85-99",1.04349782407407,1.17719952546296,1.36373777777778
142,"Period 85-99",1.09649372685185,1.20221837962963,1.3814178587963
143,"Period 85-99",1.10224423611111,1.22154635127315,1.3893359837963
144,"Period 85-99",1.14490321759259,1.24460472800926,1.43685766203704
145,"Period 85-99",1.15776486111111,1.24900839699074,1.44417141203704
146,"Period 85-99",1.17549861111111,1.27947521990741,1.46384993055556
147,"Period 85-99",1.17638881944444,1.31870155671296,1.52491071759259
148,"Period 85-99",1.18345395833333,1.32147763888889,1.53924925925926
149,"Period 85-99",1.24918096296296,1.36677583950617,1.57439525925926
150,"Period 85-99",1.29631303703704,1.38635428395062,1.56287232098765
151,"Period 85-99",1.3731644691358,1.45033210493827,1.60112145679012
152,"Period 85-99",1.37542861728395,1.48109620987654,1.66200817283951
153,"Period 85-99",1.40577607407407,1.48914989506173,1.64752017283951
154,"Period 85-99",1.42774274074074,1.51593045679012,1.65982375308642
155,"Period 85-99",1.47586264197531,1.55703781481481,1.69557298765432
156,"Period 85-99",1.44580599537037,1.54163662037037,1.65585296296296
157,"Period 85-99",1.43878006944444,1.53341017361111,1.68901731481481
158,"Period 85-99",1.4319368287037,1.55342085358796,1.73924748842593
159,"Period 85-99",1.5160389382716,1.65669162345679,1.79449775308642
160,"Period 85-99",1.59710422222222,1.68902530864198,1.8314404691358
161,"Period 85-99",1.62660839506173,1.72321644444444,1.83751708641975
162,"Period 85-99",1.64197318518519,1.74183954938272,1.80958039506173
163,"Period 85-99",1.68959345679012,1.79183724691358,1.9113227654321
164,"Period 85-99",1.71210232098765,1.84476886419753,1.98437249382716
165,"Period 85-99",1.78797575308642,1.85361487037037,1.93096886419753
166,"Period 85-99",1.70026548611111,1.83137094907407,2.0045530787037
167,"Period 85-99",1.77883037037037,1.87271630208333,2.03868618055556
168,"Period 85-99",1.77261641493056,1.88122978587963,1.9758816087963
169,"Period 85-99",1.79130720568783,1.86273159391534,1.94075547949735
170,"Period 85-99",1.86624787037037,1.95728422453704,2.07331020833333
171,"Period 85-99",1.89451759259259,1.96685450231481,2.0764287962963
172,"Period 85-99",1.91113402469136,2.01935391975309,2.13771459259259
173,"Period 85-99",1.9985257037037,2.0801667962963,2.18297585185185
174,"Period 85-99",1.93165595061728,2.04990709259259,2.21772903703704
175,"Period 85-99",2.00523209876543,2.07704591975309,2.21626125925926
176,"Period 85-99",2.0243027654321,2.12519063580247,2.23223207407407
177,"Period 85-99",2.07190827160494,2.1504284691358,2.3226117037037
178,"Period 85-99",2.08047214814815,2.14499848765432,2.30795644444444
179,"Period 85-99",2.06138648148148,2.1133305787037,2.23818224537037
180,"Period 85-99",2.06177498765432,2.19064349382716,2.37545172839506
181,"Period 85-99",2.14667582716049,2.23458231481482,2.37422079012346
182,"Period 85-99",2.17152945679012,2.29257844444444,2.50746609876543
183,"Period 85-99",2.15788985185185,2.28319420987654,2.49251155555556
184,"Period 85-99",2.15175908641975,2.27912788271605,2.49893691358025
185,"Period 85-99",2.16175471604938,2.2865602654321,2.53254977777778
186,"Period 85-99",2.20214881481481,2.34214348148148,2.57248437037037
187,"Period 85-99",2.20382325925926,2.31928357407407,2.49757234567901
188,"Period 85-99",2.07928979166667,2.23400711226852,2.44287439814815
189,"Period 85-99",2.08416673611111,2.24470637152778,2.50235268518519
190,"Period 85-99",2.10262488888889,2.34259361728395,2.56473977777778
191,"Period 85-99",2.18441113580247,2.37737995679012,2.58459832098765
192,"Period 85-99",2.11888054320988,2.34377069135802,2.57980938271605
193,"Period 85-99",2.09782407407407,2.34460434567901,2.62049167901235
194,"Period 85-99",2.1006324691358,2.35574605555556,2.66757088888889
195,"Period 85-99",2.11851866666667,2.37703992592593,2.6844324691358
196,"Period 85-99",2.05044659259259,2.33786358024691,2.63606032098765
197,"Period 85-99",2.06502977777778,2.36036640123457,2.67185785185185
198,"Period 85-99",1.9965080787037,2.24472639467593,2.51523189814815
199,"Period 85-99",1.9781231712963,2.22184277777778,2.46556657407407
200,"Period 85-99",1.99851790509259,2.27267968460648,2.54095917824074
201,"Period 85-99",2.02993837037037,2.32305106790123,2.6386087654321
202,"Period 85-99",1.99744158024691,2.33311201234568,2.67225039506173
203,"Period 85-99",1.97476051851852,2.32446672222222,2.655032
204,"Period 85-99",1.94835103703704,2.2959940617284,2.67360167901235
205,"Period 85-99",1.91262249382716,2.26633458024691,2.64602841975309
206,"Period 85-99",1.97324595061728,2.30028238271605,2.70851474074074
207,"Period 85-99",1.94046197530864,2.28716605555556,2.58847604938272
208,"Period 85-99",1.92202390123457,2.26301759259259,2.66774795061728
209,"Period 85-99",1.91546948148148,2.23245733950617,2.60925483950617
210,"Period 85-99",1.91221945679012,2.22392464814815,2.60682760493827
211,"Period 85-99",1.83743402469136,2.20045500617284,2.61731325925926
212,"Period 85-99",1.84185059259259,2.20142587654321,2.63686232098765
213,"Period 85-99",1.74039832175926,2.09261133680556,2.4625478587963
214,"Period 85-99",1.70330601851852,2.06467736689815,2.47575532407407
215,"Period 85-99",1.67195689525463,2.06526660011574,2.43942540509259
216,"Period 85-99",1.70397422453704,2.03966814670139,2.40805340856482
217,"Period 85-99",1.70395836640212,2.03528975363757,2.38037870701058
218,"Period 85-99",1.6415975462963,1.99578405671296,2.33444553240741
219,"Period 85-99",1.67572802469136,2.05079905555556,2.42262318518519
220,"Period 85-99",1.6689867654321,2.02408930864198,2.43649120987654
221,"Period 85-99",1.63785325925926,2.00646053703704,2.40152177777778
222,"Period 85-99",1.58718274074074,1.96214453703704,2.35444377777778
223,"Period 85-99",1.56568182716049,1.92795335802469,2.32771424691358
224,"Period 85-99",1.50938651851852,1.89546872222222,2.29542474074074
225,"Period 85-99",1.47568585185185,1.86130867901235,2.24664913580247
226,"Period 85-99",1.44962296296296,1.86045990740741,2.2564124691358
227,"Period 85-99",1.44563195061728,1.82270969135802,2.22021069135802
228,"Period 85-99",1.32945766203704,1.72575359953704,2.09267625
229,"Period 85-99",1.32632280092593,1.70878751157407,2.05267539351852
230,"Period 85-99",1.35541369708995,1.70159994708995,2.06432473544974
231,"Period 85-99",1.32707873553241,1.65846368995949,1.955846875
232,"Period 85-99",1.3148221412037,1.64791499131944,1.96390138888889
233,"Period 85-99",1.28024018518519,1.62084368344907,1.93120695601852
234,"Period 85-99",1.24179765432099,1.58411109953704,1.89962712962963
235,"Period 85-99",1.20845274470899,1.54232846974206,1.83797114748677
236,"Period 85-99",1.19035969907407,1.52378913194444,1.81514349537037
237,"Period 85-99",1.16519231481481,1.48832484953704,1.77957458333333
238,"Period 85-99",1.17391481481481,1.50349530864198,1.79949308641975
239,"Period 85-99",1.14682392592593,1.47506050617284,1.77130948148148
240,"Period 85-99",1.09776333333333,1.42755587654321,1.71456103703704
241,"Period 85-99",1.03555503703704,1.38783738888889,1.69679464197531
242,"Period 85-99",1.0177529382716,1.36841356790123,1.6865797037037
243,"Period 85-99",1.00574698765432,1.3482319382716,1.64538135802469
244,"Period 85-99",0.966591875,1.28945170717593,1.55425814814815
245,"Period 85-99",0.985200648148148,1.28117038483796,1.52248334490741
246,"Period 85-99",0.953147743055556,1.26377907986111,1.53173193287037
247,"Period 85-99",0.924430219907407,1.23677610532407,1.48257868055556
248,"Period 85-99",0.896173993055556,1.20050829571759,1.41949832175926
249,"Period 85-99",0.867816863425926,1.16665540509259,1.38756109953704
250,"Period 85-99",0.860557322530864,1.12986817708333,1.34549413580247
251,"Period 85-99",0.840313405671296,1.10369044343171,1.30437386284722
252,"Period 85-99",0.794720747354497,1.07598876405423,1.26728238756614
253,"Period 85-99",0.795702905092593,1.03773306568287,1.21696046296296
254,"Period 85-99",0.755995740740741,0.998468530092593,1.16753138888889
255,"Period 85-99",0.741761061728395,0.987920512345679,1.14415469135802
256,"Period 85-99",0.732735555555556,0.968167543209877,1.11651439506173
257,"Period 85-99",0.703491333333333,0.963628061728395,1.12909832098765
258,"Period 85-99",0.723018962962963,0.955082314814815,1.11066466666667
259,"Period 85-99",0.722789654320988,0.933029882716049,1.07312079012346
260,"Period 85-99",0.727797506172839,0.9376545,1.10549348148148
261,"Period 85-99",0.714717209876543,0.925315475308642,1.12756767901235
262,"Period 85-99",0.669085012345679,0.88756812962963,1.04434325925926
263,"Period 85-99",0.648284493827161,0.863675864197531,1.00769024691358
264,"Period 85-99",0.637335590277778,0.852600280671296,1.0298084375
265,"Period 85-99",0.651551944444445,0.84439796875,1.00385484953704
266,"Period 85-99",0.641773752104377,0.826179206123737,0.96257827020202
267,"Period 85-99",0.633053703703704,0.819279471450617,0.966206712962963
268,"Period 85-99",0.624267839506173,0.806661662808642,0.94610962962963
269,"Period 85-99",0.607811866319444,0.795448326822917,0.926262928240741
270,"Period 85-99",0.594183310185185,0.770267097800926,0.887086099537037
271,"Period 85-99",0.582760028935185,0.754019026331018,0.853217216435185
272,"Period 85-99",0.571023935185185,0.746855046296296,0.850951782407407
273,"Period 85-99",0.570511435185185,0.744162071759259,0.851374768518518
274,"Period 85-99",0.570587456790123,0.747900574074074,0.844720839506173
275,"Period 85-99",0.565006567901234,0.752541938271605,0.855468271604938
276,"Period 85-99",0.556088098765432,0.755220216049383,0.870997111111111
277,"Period 85-99",0.552579456790124,0.750042098765432,0.885631703703704
278,"Period 85-99",0.549587086419753,0.747273228395062,0.890130074074074
279,"Period 85-99",0.556726395061728,0.748164462962963,0.909838345679012
280,"Period 85-99",0.557866691358025,0.750802814814815,0.935093012345679
281,"Period 85-99",0.552992271604938,0.76043100617284,0.963911950617284
282,"Period 85-99",0.558461654320988,0.764682388888889,0.973877061728395
283,"Period 85-99",0.566698024691358,0.774800660493827,1.00086814814815
284,"Period 85-99",0.579174716049383,0.788823993827161,1.03382728395062
285,"Period 85-99",0.580292814814815,0.804665493827161,1.07439088888889
286,"Period 85-99",0.589018024691358,0.818956407407407,1.10645543209877
287,"Period 85-99",0.595292074074074,0.834494419753086,1.14752041975309
288,"Period 85-99",0.611464098765432,0.850070018518519,1.18153414814815
289,"Period 85-99",0.62839162037037,0.880416516203704,1.23410898148148
290,"Period 85-99",0.616460439814815,0.880197228009259,1.24692361689815
291,"Period 85-99",0.618201296296296,0.906518425925926,1.28203891203704
292,"Period 85-99",0.632923998842593,0.922424683159722,1.29200035300926
293,"Period 85-99",0.638005237268519,0.947531168981481,1.34893399884259
294,"Period 85-99",0.654205972222222,0.973282934027778,1.39785914351852
295,"Period 85-99",0.691604444444444,1.00224563078704,1.42543109953704
296,"Period 85-99",0.71958306712963,1.02656370949074,1.46335607638889
297,"Period 85-99",0.709434389467593,1.04706860532407,1.51213815393519
298,"Period 85-99",0.730940466269841,1.07155683118386,1.55313379960317
299,"Period 85-99",0.759872662037037,1.10076368344907,1.57985144675926
300,"Period 85-99",0.795468634259259,1.14183950810185,1.63837090277778
301,"Period 85-99",0.816193084490741,1.16805629918981,1.68695630787037
302,"Period 85-99",0.851980185185185,1.19043946759259,1.70309222222222
303,"Period 85-99",0.869598292824074,1.21180837094907,1.73667846064815
304,"Period 85-99",0.875671134259259,1.24053336226852,1.78870138888889
305,"Period 85-99",0.892821712962963,1.26752977430556,1.83319215277778
306,"Period 85-99",0.930772453703704,1.31110378472222,1.91312039351852
307,"Period 85-99",0.949122662037037,1.33903507523148,1.94784233796296
308,"Period 85-99",0.972951550925926,1.36308834490741,1.97512868055556
309,"Period 85-99",0.991585439814815,1.38515297453704,2.01607300925926
310,"Period 85-99",1.01271793981481,1.40902083333333,2.03688085648148
311,"Period 85-99",1.02901967592593,1.43040142361111,2.04751717592593
312,"Period 85-99",1.06172372685185,1.46582706597222,2.06056138888889
313,"Period 85-99",1.09681240740741,1.48930282986111,2.06989990740741
314,"Period 85-99",1.1243643287037,1.50763041666667,2.08881997685185
315,"Period 85-99",1.15511893518519,1.52636377314815,2.1044405787037
316,"Period 85-99",1.18845597222222,1.55160413773148,2.13573243055556
317,"Period 85-99",1.21600092592593,1.5779994849537,2.15555847222222
318,"Period 85-99",1.24078298611111,1.59807532986111,2.17452680555556
319,"Period 85-99",1.26980467592593,1.61981497106481,2.18303439814815
320,"Period 85-99",1.2988637962963,1.64380072337963,2.2114806712963
321,"Period 85-99",1.3117982962963,1.6494775308642,2.18396530864198
322,"Period 85-99",1.34364992592593,1.6776439691358,2.20493113580247
323,"Period 85-99",1.36453074074074,1.70024488888889,2.22588407407407
324,"Period 85-99",1.39368071604938,1.71756580864198,2.21713056790123
325,"Period 85-99",1.41729259259259,1.7352112654321,2.2160937037037
326,"Period 85-99",1.44459316049383,1.74920995061728,2.22653417283951
327,"Period 85-99",1.47049451851852,1.76935309259259,2.24290938271605
328,"Period 85-99",1.51124501234568,1.79808558024691,2.27219639506173
329,"Period 85-99",1.54746962962963,1.82343479012346,2.29965111111111
330,"Period 85-99",1.57537032098765,1.84677954938272,2.31228755555556
331,"Period 85-99",1.59118538271605,1.86692338888889,2.31069780246914
332,"Period 85-99",1.60559555555556,1.88400913580247,2.28911518518519
333,"Period 85-99",1.61455434567901,1.89988697530864,2.27849555555556
334,"Period 85-99",1.63213703703704,1.91584134567901,2.27078637037037
335,"Period 85-99",1.65106481481481,1.93270605555556,2.26426111111111
336,"Period 85-99",1.68092555555556,1.953691,2.25889296296296
337,"Period 85-99",1.71340555555556,1.97662497530864,2.2495437037037
338,"Period 85-99",1.74381824691358,1.99561900617284,2.23791962962963
339,"Period 85-99",1.78859525925926,2.0196257037037,2.25085832098765
340,"Period 85-99",1.83446898765432,2.04430541358025,2.26585264197531
341,"Period 85-99",1.86752604938272,2.06353465432099,2.2775250617284
342,"Period 85-99",1.89372444444444,2.07921175308642,2.28394387654321
343,"Period 85-99",1.91902891358025,2.09727782098765,2.29799375308642
344,"Period 85-99",1.94679259259259,2.11519361728395,2.30728222222222
345,"Period 85-99",1.95969350617284,2.12985516666667,2.31548666666667
346,"Period 85-99",1.97000822222222,2.13974321604938,2.32143296296296
347,"Period 85-99",1.96750269135802,2.1442170308642,2.32771259259259
348,"Period 85-99",1.95879938271605,2.14551324691358,2.32966545679012
349,"Period 85-99",1.96002288888889,2.14836274074074,2.32752548148148
350,"Period 85-99",1.94963777777778,2.14607385802469,2.31433703703704
351,"Period 85-99",1.94333592592593,2.14523337037037,2.31134333333333
352,"Period 85-99",1.94102185185185,2.14366108641975,2.31125508641975
353,"Period 85-99",1.94022333333333,2.14206793209877,2.31076296296296
354,"Period 85-99",1.93491333333333,2.13762064814815,2.31030777777778
355,"Period 85-99",1.92744449382716,2.13282883333333,2.30605528395062
356,"Period 85-99",1.91827098765432,2.12986383950617,2.30826222222222
357,"Period 85-99",1.92074950617284,2.12454232716049,2.30061350617284
358,"Period 85-99",1.91868750617284,2.11964632098765,2.29478518518519
359,"Period 85-99",1.92049807407407,2.1151922654321,2.28643469135802
360,"Period 85-99",1.91956004938272,2.10922844444444,2.27869039506173
361,"Period 85-99",1.9155367654321,2.10156205555556,2.27476528395062
362,"Period 85-99",1.92213877314815,2.10145662037037,2.24796664351852
363,"Period 85-99",1.8998547654321,2.08757430864198,2.26480044444444
364,"Period 85-99",1.88892032098765,2.07702266049383,2.24734587654321
365,"Period 85-99",1.86509419753086,2.05911538888889,2.23122266666667
366,"Period 85-99",1.8929037037037,2.0590224691358,2.19644172839506
