Day,Type,Mean,Min,Max
1,Period 07-21,1.464575537,1.105400938,1.769884074
2,Period 07-21,1.449262685,1.092852222,1.755133086
3,Period 07-21,1.43206442,1.072115753,1.749811358
4,Period 07-21,1.421180975,1.050502519,1.745094815
5,Period 07-21,1.405222407,1.03509158,1.708397333
6,Period 07-21,1.402845957,1.032775383,1.720004148
7,Period 07-21,1.394242957,1.02598479,1.711591852
8,Period 07-21,1.382797179,1.014194938,1.701310938
9,Period 07-21,1.375909728,1.003284815,1.684884568
10,Period 07-21,1.373987012,1.01005563,1.677292691
11,Period 07-21,1.370928728,1.017145852,1.680544025
12,Period 07-21,1.359107451,1.005787654,1.679394864
13,Period 07-21,1.344713383,0.998211877,1.684490123
14,Period 07-21,1.333068204,0.992683111,1.671246741
15,Period 07-21,1.324235784,0.989454963,1.666993481
16,Period 07-21,1.315347981,0.981269407,1.651310346
17,Period 07-21,1.30270271,0.962355802,1.628850469
18,Period 07-21,1.296931062,0.957517704,1.623603926
19,Period 07-21,1.285186679,0.949166914,1.603026494
20,Period 07-21,1.270825346,0.939817037,1.574313235
21,Period 07-21,1.262527759,0.929476889,1.562343901
22,Period 07-21,1.255151309,0.920414667,1.550384667
23,Period 07-21,1.251318444,0.917761457,1.544180938
24,Period 07-21,1.244577414,0.898276272,1.54087684
25,Period 07-21,1.239777191,0.918747333,1.516512346
26,Period 07-21,1.238535006,0.925553852,1.519196272
27,Period 07-21,1.222344537,0.885867358,1.512795235
28,Period 07-21,1.208428827,0.880857012,1.510796173
29,Period 07-21,1.201808895,0.883359506,1.502516741
30,Period 07-21,1.196921574,0.890211259,1.485529506
31,Period 07-21,1.185389648,0.874282716,1.471303037
32,Period 07-21,1.174203765,0.865278296,1.45693484
33,Period 07-21,1.165215185,0.858516173,1.442445506
34,Period 07-21,1.154259914,0.854050395,1.418499086
35,Period 07-21,1.142331574,0.848417975,1.40338242
36,Period 07-21,1.134187519,0.843971728,1.388139654
37,Period 07-21,1.127048056,0.832202741,1.382267333
38,Period 07-21,1.118660253,0.820343728,1.380842765
39,Period 07-21,1.105690926,0.808846346,1.371676593
40,Period 07-21,1.095870259,0.806087383,1.358076173
41,Period 07-21,1.081900883,0.795890346,1.351381037
42,Period 07-21,1.074731228,0.803036395,1.340383259
43,Period 07-21,1.061875741,0.803981654,1.315770148
44,Period 07-21,1.04699266,0.791263679,1.296652247
45,Period 07-21,1.034927698,0.783228222,1.297815185
46,Period 07-21,1.028720889,0.783058,1.295491333
47,Period 07-21,1.019961222,0.773778025,1.286311556
48,Period 07-21,1.008122957,0.75755121,1.282114198
49,Period 07-21,1.002967908,0.748563004,1.283509735
50,Period 07-21,0.994485599,0.743386025,1.271820765
51,Period 07-21,0.987808957,0.740158741,1.261345975
52,Period 07-21,0.979785494,0.739423407,1.254320444
53,Period 07-21,0.971392031,0.728464988,1.249678815
54,Period 07-21,0.960408167,0.719122741,1.241466889
55,Period 07-21,0.955498049,0.718614938,1.231857802
56,Period 07-21,0.94647613,0.711851309,1.213188025
57,Period 07-21,0.942696185,0.713534469,1.205161407
58,Period 07-21,0.936315241,0.69689921,1.196156914
59,Period 07-21,0.923244222,0.688760765,1.190542123
60,Period 07-21,0.919158864,0.693698123,1.180598519
61,Period 07-21,0.911400204,0.683747037,1.169295259
62,Period 07-21,0.898791704,0.675222617,1.157347926
63,Period 07-21,0.892282049,0.666204099,1.147200864
64,Period 07-21,0.889444191,0.658915901,1.138787012
65,Period 07-21,0.883761488,0.650891556,1.131252667
66,Period 07-21,0.878546309,0.651327358,1.12903284
67,Period 07-21,0.870080765,0.653224642,1.128915852
68,Period 07-21,0.862670136,0.646421704,1.11889358
69,Period 07-21,0.856115012,0.635190123,1.115310938
70,Period 07-21,0.850133654,0.630739037,1.106055037
71,Period 07-21,0.850585796,0.642901333,1.091546321
72,Period 07-21,0.855564288,0.66399973,1.084464848
73,Period 07-21,0.852302981,0.679914049,1.060783827
74,Period 07-21,0.834716198,0.674070963,1.033350667
75,Period 07-21,0.824720025,0.657272222,1.028983901
76,Period 07-21,0.821311593,0.648654222,1.033848691
77,Period 07-21,0.825277772,0.665527012,1.038524864
78,Period 07-21,0.818840204,0.667242765,1.016446642
79,Period 07-21,0.812515241,0.66745958,0.997718988
80,Period 07-21,0.801947648,0.650297704,0.99954721
81,Period 07-21,0.784664451,0.631148099,0.985833802
82,Period 07-21,0.777827648,0.629788222,0.97721121
83,Period 07-21,0.781546586,0.629011284,0.979666321
84,Period 07-21,0.80454079,0.629356667,0.981366444
85,Period 07-21,0.811711247,0.628867531,1.00456084
86,Period 07-21,0.800723352,0.625186,0.988304765
87,Period 07-21,0.778900957,0.610746617,0.992402099
88,Period 07-21,0.773256611,0.613256469,0.992271185
89,Period 07-21,0.772519988,0.612381136,0.987903309
90,Period 07-21,0.770172735,0.61388684,0.98177363
91,Period 07-21,0.77293537,0.615405457,1.000214395
92,Period 07-21,0.76590521,0.612452247,0.974343679
93,Period 07-21,0.77864687,0.602828741,0.963210914
94,Period 07-21,0.785317185,0.602406025,0.964801827
95,Period 07-21,0.780515802,0.599980667,0.937585037
96,Period 07-21,0.773209531,0.607327926,0.94490842
97,Period 07-21,0.765699642,0.596720889,0.948102272
98,Period 07-21,0.747298179,0.580518321,0.957230074
99,Period 07-21,0.742821222,0.571810123,0.959302025
100,Period 07-21,0.740298346,0.574901284,0.956628815
101,Period 07-21,0.739835549,0.578389259,0.957952988
102,Period 07-21,0.733293648,0.57332163,0.941274222
103,Period 07-21,0.731049594,0.569251819,0.937299484
104,Period 07-21,0.720295204,0.551134667,0.926465877
105,Period 07-21,0.721930296,0.554336963,0.901198099
106,Period 07-21,0.71732008,0.539263506,0.890641654
107,Period 07-21,0.70937616,0.523115185,0.883118469
108,Period 07-21,0.709201469,0.517715432,0.886864296
109,Period 07-21,0.704694414,0.511581704,0.879471679
110,Period 07-21,0.696222673,0.512115753,0.862631012
111,Period 07-21,0.704250228,0.520817605,0.867172889
112,Period 07-21,0.70406937,0.520758049,0.863255407
113,Period 07-21,0.698851784,0.516903457,0.846500469
114,Period 07-21,0.699297414,0.517924988,0.847472864
115,Period 07-21,0.703786086,0.526260444,0.845170691
116,Period 07-21,0.698930537,0.52546321,0.840482049
117,Period 07-21,0.702127333,0.530886444,0.849789358
118,Period 07-21,0.705690019,0.537604741,0.845529037
119,Period 07-21,0.707174377,0.535706741,0.85446684
120,Period 07-21,0.709556778,0.542950444,0.851556593
121,Period 07-21,0.717280136,0.53759358,0.860612815
122,Period 07-21,0.721366531,0.547443037,0.861197136
123,Period 07-21,0.731133389,0.549489556,0.873497432
124,Period 07-21,0.73636908,0.562561481,0.870357457
125,Period 07-21,0.749433383,0.571070074,0.891053877
126,Period 07-21,0.75374566,0.573441407,0.900281457
127,Period 07-21,0.758808741,0.579492074,0.904969654
128,Period 07-21,0.771162364,0.589067605,0.90748684
129,Period 07-21,0.785469167,0.608560963,0.914585556
130,Period 07-21,0.791457142,0.594393827,0.937621531
131,Period 07-21,0.796554333,0.596132395,0.931834914
132,Period 07-21,0.815272049,0.642204444,0.936237951
133,Period 07-21,0.815729611,0.654711827,0.936129284
134,Period 07-21,0.833599136,0.652239679,0.961400741
135,Period 07-21,0.848696019,0.68050758,0.979435086
136,Period 07-21,0.871788123,0.70773479,0.998294889
137,Period 07-21,0.885477531,0.721604272,0.997530049
138,Period 07-21,0.887183117,0.733830148,1.002312617
139,Period 07-21,0.904027932,0.751395062,1.035795259
140,Period 07-21,0.927403568,0.757976593,1.052927852
141,Period 07-21,0.953842006,0.793014667,1.069920568
142,Period 07-21,0.95592822,0.789831367,1.082158063
143,Period 07-21,0.974126395,0.813370108,1.105256686
144,Period 07-21,0.992185921,0.814821853,1.120151549
145,Period 07-21,1.019427139,0.82653353,1.169392625
146,Period 07-21,1.047203601,0.877742207,1.177596386
147,Period 07-21,1.064698224,0.916689528,1.18161148
148,Period 07-21,1.07296786,0.883507465,1.214521317
149,Period 07-21,1.085635677,0.910369359,1.229557195
150,Period 07-21,1.103043459,0.927856192,1.249279931
151,Period 07-21,1.122329921,0.925216812,1.274346957
152,Period 07-21,1.151250791,0.952917343,1.287001836
153,Period 07-21,1.181737512,1.00521247,1.287056056
154,Period 07-21,1.178161501,0.993761702,1.318925792
155,Period 07-21,1.204896451,1.023302659,1.356661705
156,Period 07-21,1.244888376,1.08037715,1.359398333
157,Period 07-21,1.238702579,1.035818937,1.37130558
158,Period 07-21,1.283328333,1.138299396,1.423838092
159,Period 07-21,1.302492576,1.116166206,1.44749738
160,Period 07-21,1.315219225,1.142293421,1.482659284
161,Period 07-21,1.345056182,1.157538864,1.50009265
162,Period 07-21,1.39748513,1.194093284,1.582151926
163,Period 07-21,1.42954242,1.255900296,1.548793111
164,Period 07-21,1.45724692,1.283053136,1.632949086
165,Period 07-21,1.480329389,1.295862148,1.632764247
166,Period 07-21,1.496586,1.331458938,1.645565704
167,Period 07-21,1.52470492,1.332833136,1.710887728
168,Period 07-21,1.540818506,1.379646469,1.693278988
169,Period 07-21,1.560175584,1.352295772,1.737136627
170,Period 07-21,1.614141114,1.455336996,1.791317675
171,Period 07-21,1.620554517,1.43324002,1.809740069
172,Period 07-21,1.619941052,1.412018412,1.802950492
173,Period 07-21,1.663944689,1.501625526,1.854822296
174,Period 07-21,1.679030367,1.443701316,1.876439742
175,Period 07-21,1.672441963,1.481786763,1.85220442
176,Period 07-21,1.710596516,1.495943257,1.853367047
177,Period 07-21,1.717546203,1.516504745,1.833634597
178,Period 07-21,1.759004897,1.500343199,1.936055101
179,Period 07-21,1.796361657,1.535651237,1.968623411
180,Period 07-21,1.803120815,1.509461404,1.990764084
181,Period 07-21,1.833828381,1.603356628,2.03524325
182,Period 07-21,1.867231932,1.566857743,2.083957203
183,Period 07-21,1.876455272,1.604804543,2.065560593
184,Period 07-21,1.914265358,1.63188037,2.111263605
185,Period 07-21,1.931614049,1.594635128,2.152401573
186,Period 07-21,1.924121333,1.57996763,2.12925316
187,Period 07-21,1.953193481,1.633396148,2.176194765
188,Period 07-21,1.937059519,1.633131309,2.209033383
189,Period 07-21,1.94794847,1.622755531,2.151053933
190,Period 07-21,1.998689319,1.651521264,2.231668609
191,Period 07-21,1.951915044,1.641381613,2.15030944
192,Period 07-21,1.973898722,1.626475049,2.158055777
193,Period 07-21,1.987729246,1.586913925,2.208609413
194,Period 07-21,1.986063684,1.622344783,2.197321039
195,Period 07-21,1.964756808,1.604060921,2.157985233
196,Period 07-21,1.980900559,1.572933285,2.215445455
197,Period 07-21,1.984338366,1.593671068,2.198130736
198,Period 07-21,1.958673158,1.571496401,2.143462271
199,Period 07-21,1.99381412,1.572252315,2.15269827
200,Period 07-21,2.003550676,1.534995379,2.234467257
201,Period 07-21,1.965639122,1.533121731,2.14356207
202,Period 07-21,1.981979698,1.578752667,2.138615407
203,Period 07-21,1.953455095,1.510306908,2.124027827
204,Period 07-21,1.94276647,1.506065044,2.113518732
205,Period 07-21,1.97131884,1.535347926,2.122920272
206,Period 07-21,1.930969698,1.476478494,2.11845163
207,Period 07-21,1.940547062,1.483671116,2.108544567
208,Period 07-21,1.947271024,1.493995034,2.108182842
209,Period 07-21,1.918356207,1.446248918,2.131526229
210,Period 07-21,1.884012719,1.449443811,2.041027266
211,Period 07-21,1.889973207,1.433890097,2.068680894
212,Period 07-21,1.851916953,1.371916357,2.031425083
213,Period 07-21,1.855176994,1.442936877,2.02196092
214,Period 07-21,1.844970918,1.329054786,2.047922463
215,Period 07-21,1.814664222,1.339590611,2.023793062
216,Period 07-21,1.799644237,1.335715887,1.985356408
217,Period 07-21,1.7953408,1.295444592,1.989693781
218,Period 07-21,1.745455857,1.267712537,1.934495428
219,Period 07-21,1.730540222,1.283638716,1.91280042
220,Period 07-21,1.712794143,1.235604794,1.930189823
221,Period 07-21,1.713212045,1.234762144,1.945021534
222,Period 07-21,1.692867191,1.214023654,1.930912494
223,Period 07-21,1.654712309,1.194074642,1.854311136
224,Period 07-21,1.666868615,1.192481686,1.900727925
225,Period 07-21,1.630572689,1.151181637,1.868716814
226,Period 07-21,1.603915941,1.161000074,1.860304794
227,Period 07-21,1.572558303,1.115008918,1.809137719
228,Period 07-21,1.543986099,1.084287754,1.77331471
229,Period 07-21,1.53151957,1.090263495,1.756457701
230,Period 07-21,1.504911224,1.07432462,1.740424406
231,Period 07-21,1.452360179,1.042468038,1.661401563
232,Period 07-21,1.444714402,1.01147686,1.607599686
233,Period 07-21,1.451329684,1.029844981,1.655312573
234,Period 07-21,1.406715259,0.982458653,1.639126942
235,Period 07-21,1.353864454,0.909645674,1.585840831
236,Period 07-21,1.359024217,0.92125793,1.58909393
237,Period 07-21,1.335842066,0.929932768,1.596793781
238,Period 07-21,1.306679988,0.919391383,1.552303926
239,Period 07-21,1.298891247,0.93562837,1.542271012
240,Period 07-21,1.253972617,0.936431951,1.481063728
241,Period 07-21,1.229993682,0.903320993,1.432902262
242,Period 07-21,1.220125141,0.868349115,1.428013791
243,Period 07-21,1.195206404,0.861393117,1.375689036
244,Period 07-21,1.158619164,0.813064961,1.347900414
245,Period 07-21,1.134762832,0.813246353,1.299796039
246,Period 07-21,1.115987731,0.795460874,1.301365242
247,Period 07-21,1.108859918,0.779466833,1.285186586
248,Period 07-21,1.093720334,0.761753848,1.258162193
249,Period 07-21,1.062970418,0.733976118,1.274948052
250,Period 07-21,1.025564783,0.720774879,1.233685193
251,Period 07-21,1.001988858,0.696135407,1.167846988
252,Period 07-21,0.976878632,0.679015634,1.134373869
253,Period 07-21,0.955089544,0.659573715,1.113784777
254,Period 07-21,0.943214978,0.656896182,1.099229442
255,Period 07-21,0.931858364,0.652470148,1.07850563
256,Period 07-21,0.899197111,0.634267926,1.056814074
257,Period 07-21,0.887319259,0.624378765,1.059455877
258,Period 07-21,0.86750971,0.597631012,1.042423852
259,Period 07-21,0.843454843,0.587126131,1.015566126
260,Period 07-21,0.83234053,0.585557965,0.995349312
261,Period 07-21,0.816291845,0.570255285,0.979161676
262,Period 07-21,0.802890204,0.555541924,0.977288815
263,Period 07-21,0.788613067,0.539926681,0.968902193
264,Period 07-21,0.77917904,0.52707785,0.969268783
265,Period 07-21,0.767844157,0.527991116,0.951555196
266,Period 07-21,0.755340035,0.529341466,0.92783766
267,Period 07-21,0.745740086,0.517707998,0.917697318
268,Period 07-21,0.74096553,0.514112626,0.917681794
269,Period 07-21,0.737697277,0.509161159,0.918282705
270,Period 07-21,0.735132536,0.500963986,0.91597872
271,Period 07-21,0.733173513,0.491944224,0.91167675
272,Period 07-21,0.725959142,0.486390741,0.906967802
273,Period 07-21,0.721742588,0.483025713,0.907250123
274,Period 07-21,0.721852986,0.479921366,0.919644542
275,Period 07-21,0.716443068,0.472295179,0.931000857
276,Period 07-21,0.717136873,0.473417552,0.93996325
277,Period 07-21,0.724161,0.471235481,0.955863852
278,Period 07-21,0.730497111,0.474919432,0.967970815
279,Period 07-21,0.736821488,0.48264284,0.983298148
280,Period 07-21,0.748391364,0.487770173,1.004786123
281,Period 07-21,0.756381049,0.494071704,1.026082469
282,Period 07-21,0.766745188,0.50131561,1.042092847
283,Period 07-21,0.785686775,0.520527114,1.078749631
284,Period 07-21,0.807301825,0.539358923,1.106792281
285,Period 07-21,0.823191876,0.55013498,1.134223083
286,Period 07-21,0.843509452,0.556930138,1.163879376
287,Period 07-21,0.883218215,0.580468135,1.22526581
288,Period 07-21,0.915204033,0.604381092,1.271912354
289,Period 07-21,0.940787031,0.614364157,1.306503484
290,Period 07-21,0.965671458,0.631954197,1.344565769
291,Period 07-21,0.9894209,0.659121058,1.370669238
292,Period 07-21,1.018372494,0.681373841,1.412612005
293,Period 07-21,1.043050415,0.68976835,1.457639971
294,Period 07-21,1.080142943,0.716735921,1.535246937
295,Period 07-21,1.101133765,0.735019835,1.555387069
296,Period 07-21,1.121865705,0.739866785,1.568766002
297,Period 07-21,1.165874237,0.758656223,1.645085408
298,Period 07-21,1.202776658,0.783846145,1.698377921
299,Period 07-21,1.216592038,0.785523036,1.714389104
300,Period 07-21,1.258301143,0.814550263,1.792427203
301,Period 07-21,1.302878568,0.85248113,1.864021719
302,Period 07-21,1.353430376,0.888890493,1.923001748
303,Period 07-21,1.383007549,0.920309986,1.982526197
304,Period 07-21,1.409973852,0.930685257,2.026442376
305,Period 07-21,1.452702826,0.95151241,2.067983309
306,Period 07-21,1.491644006,0.994191053,2.127478042
307,Period 07-21,1.53227004,1.023227417,2.170444276
308,Period 07-21,1.581097872,1.04788581,2.230085161
309,Period 07-21,1.62151354,1.066654305,2.285196801
310,Period 07-21,1.639635047,1.085475132,2.251461592
311,Period 07-21,1.668949182,1.096188913,2.275291101
312,Period 07-21,1.710855796,1.108963179,2.35208949
313,Period 07-21,1.75604596,1.133386821,2.407934151
314,Period 07-21,1.790773226,1.157954666,2.443978475
315,Period 07-21,1.821141504,1.170952246,2.486873744
316,Period 07-21,1.834523086,1.160568068,2.502397609
317,Period 07-21,1.868533581,1.193367198,2.544655773
318,Period 07-21,1.89729808,1.211222005,2.578253502
319,Period 07-21,1.925564348,1.252465217,2.610666787
320,Period 07-21,1.94393657,1.285121401,2.618849179
321,Period 07-21,1.951197905,1.289249179,2.614599493
322,Period 07-21,1.966231612,1.311190797,2.632502923
323,Period 07-21,1.978792474,1.334022124,2.652753867
324,Period 07-21,1.997832452,1.366749437,2.662764488
325,Period 07-21,2.010116974,1.385021042,2.639212045
326,Period 07-21,2.010543215,1.409026057,2.594414528
327,Period 07-21,2.018790622,1.433433972,2.570828368
328,Period 07-21,2.013146528,1.452421632,2.527502065
329,Period 07-21,1.989503712,1.445928269,2.467232768
330,Period 07-21,1.975927753,1.448675778,2.440007852
331,Period 07-21,1.967615753,1.448339728,2.397506099
332,Period 07-21,1.954187123,1.447035383,2.351097333
333,Period 07-21,1.93285821,1.43114242,2.309013333
334,Period 07-21,1.902924549,1.414845901,2.244863481
335,Period 07-21,1.863351235,1.412818864,2.159397951
336,Period 07-21,1.845523506,1.399017309,2.119855556
337,Period 07-21,1.832834019,1.39408758,2.108278444
338,Period 07-21,1.818774611,1.385581852,2.118703407
339,Period 07-21,1.808661883,1.370628074,2.128184444
340,Period 07-21,1.78690716,1.333063753,2.123844444
341,Period 07-21,1.764385617,1.303922173,2.118117704
342,Period 07-21,1.743480099,1.292049852,2.120962025
343,Period 07-21,1.720018951,1.274207037,2.100272494
344,Period 07-21,1.699265883,1.255021728,2.080875531
345,Period 07-21,1.674057944,1.218948543,2.062144025
346,Period 07-21,1.652502358,1.20410237,2.027257679
347,Period 07-21,1.639896722,1.216800543,1.993316296
348,Period 07-21,1.629955352,1.223741531,1.972480741
349,Period 07-21,1.620066698,1.212038198,1.954277037
350,Period 07-21,1.616483772,1.209066,1.95755884
351,Period 07-21,1.615356821,1.214183086,1.96151958
352,Period 07-21,1.608275451,1.225223531,1.940486988
353,Period 07-21,1.598042525,1.235606198,1.915089457
354,Period 07-21,1.5804235,1.241287877,1.891023383
355,Period 07-21,1.565151253,1.240710074,1.862555556
356,Period 07-21,1.54504729,1.228015309,1.840287062
357,Period 07-21,1.530259093,1.213243753,1.830977457
358,Period 07-21,1.520658981,1.214050198,1.813372617
359,Period 07-21,1.505024154,1.203056543,1.798454222
360,Period 07-21,1.491531488,1.194269185,1.78828484
361,Period 07-21,1.484006549,1.194290272,1.769093605
362,Period 07-21,1.476662605,1.190230716,1.748839012
363,Period 07-21,1.467574444,1.175945432,1.730131901
364,Period 07-21,1.454878142,1.16234521,1.712607481
365,Period 07-21,1.448096395,1.150795259,1.716545901
366,Period 07-21,1.507101713,1.062463981,1.951960926
1,Period 45-59,1.404661648,1.120171012,1.658847877
2,Period 45-59,1.393557235,1.115134963,1.654754074
3,Period 45-59,1.38011263,1.097873481,1.654055679
4,Period 45-59,1.374042519,1.086092247,1.662012765
5,Period 45-59,1.373880395,1.081829136,1.665092074
6,Period 45-59,1.3690745,1.080895704,1.659171901
7,Period 45-59,1.364268148,1.071500395,1.655626864
8,Period 45-59,1.355170951,1.066893679,1.652122864
9,Period 45-59,1.343496056,1.070495531,1.632787728
10,Period 45-59,1.332411759,1.065567333,1.614093877
11,Period 45-59,1.323482111,1.066160148,1.609230074
12,Period 45-59,1.3225815,1.062488617,1.608827432
13,Period 45-59,1.321610957,1.055790296,1.599768296
14,Period 45-59,1.316227358,1.047987383,1.594845556
15,Period 45-59,1.302398938,1.030321852,1.573781951
16,Period 45-59,1.287762346,1.023723136,1.539348123
17,Period 45-59,1.267293111,1.022149062,1.516242765
18,Period 45-59,1.251697494,1.015294716,1.499608741
19,Period 45-59,1.237558506,1.003166938,1.490933951
20,Period 45-59,1.230904,0.99604521,1.481218716
21,Period 45-59,1.227754623,0.98922516,1.477865679
22,Period 45-59,1.221075593,0.98124484,1.462613901
23,Period 45-59,1.215663444,0.973524222,1.452819185
24,Period 45-59,1.206311846,0.966580593,1.444376469
25,Period 45-59,1.195571179,0.954335185,1.437505235
26,Period 45-59,1.186770568,0.940373333,1.435239383
27,Period 45-59,1.174411235,0.928935358,1.429752247
28,Period 45-59,1.161015074,0.921452296,1.418455901
29,Period 45-59,1.157084012,0.920803827,1.417997753
30,Period 45-59,1.151831759,0.919667852,1.41179637
31,Period 45-59,1.147020932,0.914913062,1.407995556
32,Period 45-59,1.136094333,0.894318173,1.401046321
33,Period 45-59,1.127179994,0.89231763,1.397703383
34,Period 45-59,1.12054208,0.887784864,1.386462593
35,Period 45-59,1.108676519,0.882825827,1.35808716
36,Period 45-59,1.105448593,0.891822889,1.350390963
37,Period 45-59,1.101050346,0.908583309,1.333361975
38,Period 45-59,1.090749747,0.889943753,1.322495728
39,Period 45-59,1.076253759,0.870520914,1.305545481
40,Period 45-59,1.067965673,0.854833679,1.300591407
41,Period 45-59,1.060202105,0.845442914,1.311581877
42,Period 45-59,1.061974247,0.837887284,1.34182684
43,Period 45-59,1.053552432,0.833443901,1.339743605
44,Period 45-59,1.042093444,0.811807012,1.337824469
45,Period 45-59,1.022777809,0.799174321,1.298826938
46,Period 45-59,1.013471654,0.797140123,1.281862889
47,Period 45-59,1.011732642,0.802388222,1.273019407
48,Period 45-59,1.004846389,0.792580642,1.268076568
49,Period 45-59,0.996665889,0.778510691,1.263330667
50,Period 45-59,0.981025648,0.76292316,1.247055753
51,Period 45-59,0.973788006,0.748136395,1.259837506
52,Period 45-59,0.967745901,0.730404765,1.271171901
53,Period 45-59,0.957707383,0.723029926,1.246491679
54,Period 45-59,0.943784772,0.713280914,1.207362074
55,Period 45-59,0.935189309,0.707714815,1.182993753
56,Period 45-59,0.932373451,0.699990346,1.172574914
57,Period 45-59,0.92634437,0.695860444,1.165886716
58,Period 45-59,0.924278228,0.694809284,1.163935802
59,Period 45-59,0.923217198,0.701745136,1.158026296
60,Period 45-59,0.913503827,0.700478395,1.140567481
61,Period 45-59,0.89760208,0.690325728,1.125503778
62,Period 45-59,0.884251611,0.678990568,1.111602148
63,Period 45-59,0.876652994,0.680535679,1.100486543
64,Period 45-59,0.874447907,0.674610272,1.100959235
65,Period 45-59,0.863497586,0.670522691,1.095154222
66,Period 45-59,0.858666543,0.678102247,1.082279481
67,Period 45-59,0.860035741,0.686665852,1.091745457
68,Period 45-59,0.849548914,0.677065926,1.092094519
69,Period 45-59,0.84252987,0.656344568,1.086288469
70,Period 45-59,0.836389537,0.653260716,1.076515778
71,Period 45-59,0.828116568,0.649496346,1.065632963
72,Period 45-59,0.827164154,0.656602963,1.053799802
73,Period 45-59,0.82988637,0.668608543,1.049098642
74,Period 45-59,0.827992821,0.656143309,1.03865921
75,Period 45-59,0.822315617,0.645830617,1.03734479
76,Period 45-59,0.81374137,0.640045778,1.023585852
77,Period 45-59,0.810279278,0.639562,1.021928568
78,Period 45-59,0.813936438,0.638683358,1.024023062
79,Period 45-59,0.809166198,0.636863531,1.013948741
80,Period 45-59,0.802721463,0.630818346,1.011230198
81,Period 45-59,0.800493599,0.63285558,1.006819333
82,Period 45-59,0.796897586,0.63551037,1.006630198
83,Period 45-59,0.795756216,0.629110099,1.00668837
84,Period 45-59,0.795628296,0.628366148,1.008361877
85,Period 45-59,0.792919037,0.625660395,1.007038321
86,Period 45-59,0.786317395,0.603922519,0.999741309
87,Period 45-59,0.779913574,0.589419951,0.999129802
88,Period 45-59,0.773713451,0.588008469,0.997198494
89,Period 45-59,0.761920432,0.559124938,0.994009753
90,Period 45-59,0.758045006,0.559087333,0.988660568
91,Period 45-59,0.754810623,0.55526884,0.988686074
92,Period 45-59,0.744116667,0.545806642,0.98357637
93,Period 45-59,0.735809889,0.550075037,0.97971884
94,Period 45-59,0.739489593,0.561667086,0.98300916
95,Period 45-59,0.744428975,0.570359728,0.986790864
96,Period 45-59,0.740610901,0.555329877,0.984267062
97,Period 45-59,0.73214792,0.550626938,0.966974198
98,Period 45-59,0.725323963,0.546858864,0.960639037
99,Period 45-59,0.721873525,0.542828667,0.957722346
100,Period 45-59,0.722401852,0.540772519,0.957168889
101,Period 45-59,0.72091671,0.538313605,0.950175506
102,Period 45-59,0.719428827,0.532644198,0.946618593
103,Period 45-59,0.712560691,0.52813763,0.937581259
104,Period 45-59,0.707750346,0.533667926,0.927936864
105,Period 45-59,0.704280185,0.536415802,0.893155136
106,Period 45-59,0.709776728,0.535578864,0.907869086
107,Period 45-59,0.706519407,0.53412484,0.902830642
108,Period 45-59,0.704230481,0.534850914,0.896412741
109,Period 45-59,0.700694802,0.538570667,0.886216469
110,Period 45-59,0.697842938,0.543050173,0.869351284
111,Period 45-59,0.699060975,0.548724321,0.871408272
112,Period 45-59,0.699656315,0.544099506,0.88157437
113,Period 45-59,0.691849253,0.549505704,0.844485877
114,Period 45-59,0.69017442,0.54985037,0.837638938
115,Period 45-59,0.698278278,0.552901926,0.851883111
116,Period 45-59,0.704982864,0.563226346,0.860320198
117,Period 45-59,0.708490778,0.570894173,0.862356346
118,Period 45-59,0.713371235,0.575247062,0.853678148
119,Period 45-59,0.71766792,0.579222173,0.860565012
120,Period 45-59,0.725630136,0.588160642,0.86389284
121,Period 45-59,0.728546068,0.59282921,0.871124963
122,Period 45-59,0.741853451,0.595139778,0.889888395
123,Period 45-59,0.750814358,0.594084691,0.916903877
124,Period 45-59,0.766233556,0.602898494,0.910761704
125,Period 45-59,0.766448432,0.618549284,0.920949333
126,Period 45-59,0.771198204,0.629483926,0.921700395
127,Period 45-59,0.787907642,0.639196914,0.934428395
128,Period 45-59,0.798972568,0.64244037,0.956158025
129,Period 45-59,0.807126031,0.650915753,0.959859235
130,Period 45-59,0.81283479,0.662334519,0.966199333
131,Period 45-59,0.818368204,0.68196042,0.957932444
132,Period 45-59,0.835992914,0.697758667,0.979035728
133,Period 45-59,0.852889636,0.705956593,1.008632469
134,Period 45-59,0.882898309,0.715466123,1.064735506
135,Period 45-59,0.890246117,0.726789901,1.052560716
136,Period 45-59,0.898694586,0.740083802,1.04854358
137,Period 45-59,0.920000623,0.773834198,1.072057235
138,Period 45-59,0.925700389,0.777829457,1.087924296
139,Period 45-59,0.938585549,0.794426247,1.123785111
140,Period 45-59,0.973143387,0.805804499,1.158161087
141,Period 45-59,0.989890536,0.826030826,1.16834941
142,Period 45-59,0.987618873,0.814216986,1.174280482
143,Period 45-59,1.013439589,0.846956342,1.201114872
144,Period 45-59,1.04713648,0.878518191,1.238974435
145,Period 45-59,1.072659894,0.904009587,1.249972198
146,Period 45-59,1.098901967,0.920301672,1.306881785
147,Period 45-59,1.111221221,0.925363004,1.321485644
148,Period 45-59,1.136582241,0.953265086,1.352708864
149,Period 45-59,1.166653142,0.992816691,1.368604815
150,Period 45-59,1.180201173,0.988437235,1.387794691
151,Period 45-59,1.201962691,1.012398691,1.418715654
152,Period 45-59,1.234986056,1.06589721,1.455451901
153,Period 45-59,1.25615979,1.076939802,1.488383654
154,Period 45-59,1.296589719,1.105918682,1.531303491
155,Period 45-59,1.299604794,1.11460032,1.516275737
156,Period 45-59,1.331306865,1.159336529,1.554133628
157,Period 45-59,1.370642189,1.199270821,1.612090929
158,Period 45-59,1.414265451,1.23814758,1.648501901
159,Period 45-59,1.437420451,1.24334721,1.742822346
160,Period 45-59,1.442691346,1.259420889,1.681482617
161,Period 45-59,1.484245747,1.289706296,1.784378247
162,Period 45-59,1.521118309,1.37598716,1.822449951
163,Period 45-59,1.550939568,1.366501037,1.857391062
164,Period 45-59,1.567598031,1.374881062,1.840762346
165,Period 45-59,1.6016997,1.405471757,1.923891067
166,Period 45-59,1.63353232,1.396506138,1.988738816
167,Period 45-59,1.631239547,1.442486715,1.93893901
168,Period 45-59,1.66890874,1.463889495,2.030087943
169,Period 45-59,1.684900376,1.51561623,2.034935662
170,Period 45-59,1.713947069,1.533762335,2.107083749
171,Period 45-59,1.792733728,1.599442025,2.218075531
172,Period 45-59,1.805740531,1.617358617,2.195063901
173,Period 45-59,1.824916383,1.637719951,2.254791901
174,Period 45-59,1.85086156,1.676132768,2.22129705
175,Period 45-59,1.855321565,1.702550197,2.229669494
176,Period 45-59,1.933646915,1.723441101,2.335142134
177,Period 45-59,1.93696309,1.750806367,2.359135497
178,Period 45-59,1.952000716,1.784175551,2.332794273
179,Period 45-59,1.982172069,1.798515394,2.380647063
180,Period 45-59,1.972168056,1.811196808,2.405709113
181,Period 45-59,2.01394871,1.853978988,2.378714222
182,Period 45-59,2.039879765,1.887397235,2.472068222
183,Period 45-59,2.044602025,1.884945531,2.449475951
184,Period 45-59,2.089777222,1.908860815,2.49113921
185,Period 45-59,2.05531277,1.904277114,2.414099041
186,Period 45-59,2.091945286,1.963827655,2.459722738
187,Period 45-59,2.088774547,1.911751248,2.481323275
188,Period 45-59,2.088622259,1.931537433,2.435653688
189,Period 45-59,2.119996921,1.948733751,2.505734882
190,Period 45-59,2.107522525,1.949132247,2.419769136
191,Period 45-59,2.122154735,1.947002148,2.470536395
192,Period 45-59,2.130645366,1.927138225,2.495489651
193,Period 45-59,2.105207215,1.926292478,2.432372296
194,Period 45-59,2.122003054,1.939618437,2.493379253
195,Period 45-59,2.117495937,1.935048336,2.410961943
196,Period 45-59,2.143865902,1.986078928,2.424210842
197,Period 45-59,2.116347811,1.90575427,2.455821858
198,Period 45-59,2.076867406,1.889652766,2.426957263
199,Period 45-59,2.100417546,1.900334182,2.401115114
200,Period 45-59,2.143884956,1.951761259,2.47732087
201,Period 45-59,2.094509735,1.899413185,2.349058691
202,Period 45-59,2.130969222,1.931519827,2.429033309
203,Period 45-59,2.126944858,1.908181679,2.44303316
204,Period 45-59,2.085458296,1.843518732,2.354762045
205,Period 45-59,2.086693098,1.81913534,2.396517572
206,Period 45-59,2.095729615,1.853733161,2.342083555
207,Period 45-59,2.043235664,1.796867058,2.302605213
208,Period 45-59,2.052243215,1.772479548,2.305372738
209,Period 45-59,2.024272413,1.720419838,2.282581932
210,Period 45-59,2.015700306,1.805048213,2.289074694
211,Period 45-59,1.985317107,1.691562212,2.249618062
212,Period 45-59,1.99908914,1.69927347,2.244078781
213,Period 45-59,1.943460815,1.691697585,2.155765169
214,Period 45-59,1.906629855,1.617330651,2.150123731
215,Period 45-59,1.892467571,1.601614559,2.132695259
216,Period 45-59,1.905628225,1.629536643,2.097427271
217,Period 45-59,1.899189299,1.623932159,2.117874254
218,Period 45-59,1.888038821,1.592084667,2.092961333
219,Period 45-59,1.857595981,1.623983235,2.058838494
220,Period 45-59,1.841746957,1.549322198,2.027986691
221,Period 45-59,1.81708237,1.522583654,2.039795259
222,Period 45-59,1.794881154,1.499054691,2.021052
223,Period 45-59,1.755773926,1.463809358,1.943722
224,Period 45-59,1.746141173,1.444726593,1.93652679
225,Period 45-59,1.7170794,1.408221681,1.910569518
226,Period 45-59,1.688248372,1.390147993,1.869017817
227,Period 45-59,1.666587457,1.365560352,1.811184337
228,Period 45-59,1.640772804,1.346769214,1.811901844
229,Period 45-59,1.590167635,1.310797571,1.750164382
230,Period 45-59,1.552415799,1.290730603,1.719509243
231,Period 45-59,1.526348611,1.279490332,1.651435281
232,Period 45-59,1.495546026,1.242852381,1.662204377
233,Period 45-59,1.493401087,1.235450483,1.610944396
234,Period 45-59,1.469478281,1.211088051,1.608721815
235,Period 45-59,1.488968099,1.240666519,1.612842716
236,Period 45-59,1.445379562,1.155569284,1.58984758
237,Period 45-59,1.423725858,1.178695827,1.59266637
238,Period 45-59,1.388202191,1.175162593,1.511456691
239,Period 45-59,1.378371105,1.159547259,1.511278815
240,Period 45-59,1.346272191,1.125807802,1.475614148
241,Period 45-59,1.331693747,1.115663556,1.459911802
242,Period 45-59,1.297450056,1.085416593,1.431914346
243,Period 45-59,1.271975326,1.067076352,1.402280678
244,Period 45-59,1.259447216,1.04274032,1.388895294
245,Period 45-59,1.223032684,1.020094252,1.3640481
246,Period 45-59,1.196890079,1.015959861,1.32798557
247,Period 45-59,1.160253704,1.019433718,1.276554353
248,Period 45-59,1.123165495,0.967457899,1.239189275
249,Period 45-59,1.116636384,0.979375279,1.21749049
250,Period 45-59,1.092383116,0.933714807,1.204235097
251,Period 45-59,1.094517748,0.925338068,1.189601304
252,Period 45-59,1.091042174,0.938018625,1.168485805
253,Period 45-59,1.070215222,0.93354002,1.155558088
254,Period 45-59,1.051090167,0.912706716,1.147969383
255,Period 45-59,1.041617062,0.925307012,1.131444938
256,Period 45-59,1.018187432,0.885420914,1.135581457
257,Period 45-59,0.999125907,0.90028916,1.120936272
258,Period 45-59,0.97023121,0.868626272,1.103953704
259,Period 45-59,0.951603815,0.862550346,1.080129383
260,Period 45-59,0.918220173,0.837515062,1.038460864
261,Period 45-59,0.876418179,0.823965728,0.960871185
262,Period 45-59,0.864289737,0.817908874,0.926032965
263,Period 45-59,0.847564752,0.803899034,0.905488551
264,Period 45-59,0.834678686,0.783571958,0.909084656
265,Period 45-59,0.824197403,0.772008696,0.883959275
266,Period 45-59,0.807486975,0.754956087,0.873396957
267,Period 45-59,0.789387939,0.731747619,0.8776519
268,Period 45-59,0.775466849,0.71168935,0.861604343
269,Period 45-59,0.75933004,0.698776225,0.85391788
270,Period 45-59,0.738905926,0.66839704,0.845806477
271,Period 45-59,0.724255531,0.652704577,0.826831522
272,Period 45-59,0.707296731,0.628814435,0.802831053
273,Period 45-59,0.696426132,0.614355702,0.791978855
274,Period 45-59,0.678443,0.595523654,0.766643235
275,Period 45-59,0.667174278,0.575640469,0.745830963
276,Period 45-59,0.65895194,0.568210548,0.736116789
277,Period 45-59,0.657860484,0.559084612,0.736411259
278,Period 45-59,0.653528864,0.552258519,0.740518148
279,Period 45-59,0.651246889,0.556972296,0.746411259
280,Period 45-59,0.645500556,0.53798758,0.759200469
281,Period 45-59,0.640774864,0.52939842,0.769742469
282,Period 45-59,0.638518809,0.523929457,0.77623437
283,Period 45-59,0.640860716,0.520044123,0.799209506
284,Period 45-59,0.650729617,0.517210617,0.829045679
285,Period 45-59,0.654113414,0.514229975,0.845398444
286,Period 45-59,0.660300642,0.509487556,0.863735827
287,Period 45-59,0.666132809,0.509509901,0.887926519
288,Period 45-59,0.677778735,0.50964842,0.932093926
289,Period 45-59,0.69060908,0.515093049,0.96600722
290,Period 45-59,0.704722859,0.519200097,1.009655022
291,Period 45-59,0.723216147,0.525956087,1.036837633
292,Period 45-59,0.736216685,0.53513165,1.04997328
293,Period 45-59,0.747890416,0.537395623,1.066229341
294,Period 45-59,0.769990405,0.562619203,1.102571643
295,Period 45-59,0.796108875,0.57581557,1.152906798
296,Period 45-59,0.820105019,0.568343713,1.196359527
297,Period 45-59,0.844870864,0.570175487,1.250325877
298,Period 45-59,0.874665314,0.590904142,1.298718933
299,Period 45-59,0.904438408,0.609414157,1.34240307
300,Period 45-59,0.929816252,0.620466569,1.376370614
301,Period 45-59,0.951907954,0.640384508,1.395131326
302,Period 45-59,0.972816501,0.63608835,1.430288595
303,Period 45-59,0.996352473,0.646160136,1.483213109
304,Period 45-59,1.026291269,0.678406167,1.524793563
305,Period 45-59,1.0537782,0.709547161,1.549235977
306,Period 45-59,1.080215302,0.740609104,1.571669383
307,Period 45-59,1.123919212,0.763099143,1.645347332
308,Period 45-59,1.150309349,0.760817523,1.691792487
309,Period 45-59,1.17828058,0.799944934,1.736773495
310,Period 45-59,1.202062353,0.822126872,1.788906681
311,Period 45-59,1.244903445,0.847588204,1.828183554
312,Period 45-59,1.28289152,0.873029883,1.865444151
313,Period 45-59,1.317251615,0.903349731,1.91176373
314,Period 45-59,1.347100337,0.921906681,1.958836393
315,Period 45-59,1.386038901,0.952423648,1.982844617
316,Period 45-59,1.416709188,0.976587168,2.041678614
317,Period 45-59,1.446954357,0.995238176,2.086151229
318,Period 45-59,1.471441206,1.003451893,2.124246313
319,Period 45-59,1.504349846,1.020009661,2.162554376
320,Period 45-59,1.527519973,1.032216003,2.196998476
321,Period 45-59,1.55710652,1.038814012,2.237960619
322,Period 45-59,1.593368504,1.054518781,2.269391273
323,Period 45-59,1.618815935,1.080807178,2.278677434
324,Period 45-59,1.641910079,1.11877822,2.284447911
325,Period 45-59,1.671164829,1.148284513,2.307074213
326,Period 45-59,1.710214153,1.208008555,2.322056416
327,Period 45-59,1.735869346,1.231748049,2.358914321
328,Period 45-59,1.749723673,1.241889457,2.386268395
329,Period 45-59,1.758375586,1.25945084,2.401386963
330,Period 45-59,1.77074684,1.279831309,2.418011679
331,Period 45-59,1.791663198,1.31277,2.434142123
332,Period 45-59,1.806801975,1.32823758,2.431983407
333,Period 45-59,1.811500432,1.348346815,2.415801432
334,Period 45-59,1.818940019,1.369750444,2.402000198
335,Period 45-59,1.826369457,1.397970395,2.392286123
336,Period 45-59,1.825634963,1.399425531,2.388430148
337,Period 45-59,1.832319037,1.410957259,2.385851531
338,Period 45-59,1.833386395,1.409697086,2.366941012
339,Period 45-59,1.823459858,1.409517901,2.320644938
340,Period 45-59,1.80295866,1.390719852,2.259922099
341,Period 45-59,1.79246192,1.369367679,2.241398543
342,Period 45-59,1.782261185,1.366650148,2.213203111
343,Period 45-59,1.772129414,1.366716716,2.183542494
344,Period 45-59,1.763642623,1.360336148,2.156745877
345,Period 45-59,1.761617815,1.367141704,2.123516568
346,Period 45-59,1.745621802,1.349848691,2.096089259
347,Period 45-59,1.730999525,1.336986272,2.082070025
348,Period 45-59,1.713207827,1.327037481,2.069721654
349,Period 45-59,1.694448883,1.310072148,2.044627259
350,Period 45-59,1.670907216,1.291783383,2.017067481
351,Period 45-59,1.645450852,1.27237037,1.985292691
352,Period 45-59,1.616546593,1.239274148,1.941829185
353,Period 45-59,1.587579901,1.226188469,1.883792593
354,Period 45-59,1.565031753,1.235270765,1.830991111
355,Period 45-59,1.542695691,1.23703121,1.781125235
356,Period 45-59,1.531561179,1.245805062,1.778235827
357,Period 45-59,1.516854537,1.242441407,1.783156988
358,Period 45-59,1.499554679,1.228145407,1.777089901
359,Period 45-59,1.490368648,1.220836519,1.774233481
360,Period 45-59,1.479131056,1.210144691,1.769834543
361,Period 45-59,1.467222852,1.189733728,1.767603185
362,Period 45-59,1.457413642,1.176659062,1.762579728
363,Period 45-59,1.445843691,1.165652025,1.759753309
364,Period 45-59,1.43148321,1.148804074,1.742350642
365,Period 45-59,1.410771191,1.130189457,1.706624123
366,Period 45-59,1.4766,0.976681481,2.014402222
1,Period 85-99,2.333920148,1.668746864,3.547492543
2,Period 85-99,2.325706623,1.647068272,3.561668519
3,Period 85-99,2.317571963,1.63570442,3.57749558
4,Period 85-99,2.313617395,1.649063901,3.580203877
5,Period 85-99,2.315511272,1.66382637,3.58815921
6,Period 85-99,2.306705654,1.682539506,3.558638543
7,Period 85-99,2.284888,1.685729284,3.491302198
8,Period 85-99,2.26128021,1.681082296,3.431127358
9,Period 85-99,2.254431389,1.693613383,3.398679753
10,Period 85-99,2.247854185,1.694116642,3.375211259
11,Period 85-99,2.250272772,1.691136642,3.405686667
12,Period 85-99,2.245646481,1.683527926,3.431959358
13,Period 85-99,2.233086772,1.698387802,3.415408519
14,Period 85-99,2.226109377,1.703183926,3.417422272
15,Period 85-99,2.204172988,1.691849062,3.389623383
16,Period 85-99,2.166464519,1.66805684,3.346833309
17,Period 85-99,2.156508025,1.677013802,3.31731721
18,Period 85-99,2.130330395,1.633927136,3.30822321
19,Period 85-99,2.112070451,1.592297284,3.317396247
20,Period 85-99,2.1000835,1.556578494,3.315443852
21,Period 85-99,2.105921105,1.550112963,3.347822247
22,Period 85-99,2.096970389,1.549094593,3.324814765
23,Period 85-99,2.081682321,1.552567951,3.268499605
24,Period 85-99,2.061946296,1.551370642,3.223330938
25,Period 85-99,2.062999154,1.540434889,3.265946
26,Period 85-99,2.048610809,1.537145012,3.257456395
27,Period 85-99,2.040818679,1.541328815,3.257108741
28,Period 85-99,2.029030025,1.531417556,3.251854988
29,Period 85-99,2.013039741,1.517120593,3.230066963
30,Period 85-99,1.988645031,1.502920543,3.194856593
31,Period 85-99,1.988253975,1.476569309,3.232066568
32,Period 85-99,1.990234722,1.481584765,3.234604691
33,Period 85-99,1.985764914,1.487845877,3.215690296
34,Period 85-99,1.975990753,1.484847284,3.194426444
35,Period 85-99,1.948753975,1.477672815,3.146935358
36,Period 85-99,1.93764887,1.460044716,3.13070921
37,Period 85-99,1.908248154,1.407391753,3.06966637
38,Period 85-99,1.897226753,1.382387309,3.066194543
39,Period 85-99,1.892498722,1.380787506,3.056846864
40,Period 85-99,1.882602765,1.384270568,3.051448568
41,Period 85-99,1.861158123,1.348346914,3.053790963
42,Period 85-99,1.851149691,1.313657136,3.069809037
43,Period 85-99,1.828984833,1.305830148,3.046400568
44,Period 85-99,1.815433654,1.283343037,3.031948914
45,Period 85-99,1.812582636,1.294575457,3.021082148
46,Period 85-99,1.809804932,1.306304938,3.017971012
47,Period 85-99,1.811265525,1.312778741,3.027240469
48,Period 85-99,1.802835765,1.315004395,3.014688716
49,Period 85-99,1.795001599,1.300621556,3.014638864
50,Period 85-99,1.791198796,1.307352914,3.019405827
51,Period 85-99,1.794871599,1.300537605,3.013386272
52,Period 85-99,1.789025198,1.289645728,2.995528469
53,Period 85-99,1.773097,1.268333827,2.968894889
54,Period 85-99,1.752981302,1.253215704,2.915258593
55,Period 85-99,1.746512784,1.249025827,2.887672346
56,Period 85-99,1.743221358,1.255765333,2.875126889
57,Period 85-99,1.737339685,1.27726116,2.859388222
58,Period 85-99,1.733468981,1.273579111,2.853677654
59,Period 85-99,1.733362321,1.256904938,2.883443827
60,Period 85-99,1.744937512,1.25475558,2.927669432
61,Period 85-99,1.741335216,1.251732691,2.938804642
62,Period 85-99,1.738533,1.258820543,2.932578691
63,Period 85-99,1.733504994,1.248818642,2.91115716
64,Period 85-99,1.700714284,1.220989136,2.828859531
65,Period 85-99,1.665388179,1.196529926,2.740376272
66,Period 85-99,1.647467963,1.181381457,2.684991407
67,Period 85-99,1.639281105,1.172910988,2.625495037
68,Period 85-99,1.629225241,1.157147481,2.594364716
69,Period 85-99,1.609007179,1.117743259,2.572659012
70,Period 85-99,1.599026377,1.112440494,2.576201506
71,Period 85-99,1.589839302,1.118209111,2.545511333
72,Period 85-99,1.585281167,1.115321951,2.569130148
73,Period 85-99,1.597246648,1.118451062,2.594264617
74,Period 85-99,1.592547006,1.114369802,2.578698296
75,Period 85-99,1.604483272,1.114361185,2.622215062
76,Period 85-99,1.605767667,1.106954864,2.643371827
77,Period 85-99,1.586745204,1.095326741,2.631839901
78,Period 85-99,1.554096784,1.08434284,2.582070963
79,Period 85-99,1.543359228,1.062761012,2.539960395
80,Period 85-99,1.54207463,1.044848123,2.49647921
81,Period 85-99,1.55134913,1.077519704,2.473148593
82,Period 85-99,1.563426123,1.085469309,2.440530395
83,Period 85-99,1.545799932,1.080582222,2.402772
84,Period 85-99,1.541683117,1.08361363,2.406173383
85,Period 85-99,1.52584387,1.086461062,2.399335111
86,Period 85-99,1.52291492,1.086693111,2.385796049
87,Period 85-99,1.528525117,1.057715432,2.417981506
88,Period 85-99,1.529930778,1.055593901,2.410962864
89,Period 85-99,1.530003377,1.053887432,2.414909259
90,Period 85-99,1.539550778,1.05174679,2.432133877
91,Period 85-99,1.531398753,1.054784444,2.423294988
92,Period 85-99,1.525868438,1.046055481,2.412378593
93,Period 85-99,1.51184634,1.015863012,2.393448296
94,Period 85-99,1.503317136,0.996654148,2.350649778
95,Period 85-99,1.499944617,0.975539309,2.356579037
96,Period 85-99,1.504386722,0.972993605,2.373745852
97,Period 85-99,1.504217414,0.965521383,2.378524765
98,Period 85-99,1.51697392,0.943611605,2.395218049
99,Period 85-99,1.520084265,0.934516691,2.380292049
100,Period 85-99,1.527536741,0.930493062,2.415406
101,Period 85-99,1.532196383,0.932661679,2.411312988
102,Period 85-99,1.520148309,0.935566568,2.356199185
103,Period 85-99,1.519020321,0.937171506,2.341203852
104,Period 85-99,1.525972537,0.92618763,2.354114593
105,Period 85-99,1.551742,0.927177531,2.396602765
106,Period 85-99,1.571209049,0.926477358,2.419304568
107,Period 85-99,1.569098352,0.922435481,2.447471235
108,Period 85-99,1.581621932,0.922474963,2.49883558
109,Period 85-99,1.598996327,0.921292296,2.482710099
110,Period 85-99,1.606629735,0.930680494,2.463407506
111,Period 85-99,1.608545815,0.941897012,2.485573037
112,Period 85-99,1.630199457,0.945500642,2.541309975
113,Period 85-99,1.659603025,0.942421679,2.578122864
114,Period 85-99,1.666734426,0.952968444,2.534821778
115,Period 85-99,1.662434284,0.964987259,2.507852173
116,Period 85-99,1.688551809,0.974900049,2.562505506
117,Period 85-99,1.705816765,0.981497531,2.624654099
118,Period 85-99,1.721553099,0.993952914,2.601397086
119,Period 85-99,1.743599346,0.98737121,2.638255654
120,Period 85-99,1.751388179,0.983225556,2.652174691
121,Period 85-99,1.760199012,0.995085185,2.616771531
122,Period 85-99,1.788573716,1.026879679,2.661995605
123,Period 85-99,1.801655062,1.038036099,2.705253901
124,Period 85-99,1.829028111,1.035935284,2.777361951
125,Period 85-99,1.855673623,1.033526741,2.836184049
126,Period 85-99,1.885417438,1.056801728,2.843936593
127,Period 85-99,1.905988765,1.091840074,2.854753037
128,Period 85-99,1.928712568,1.105029432,2.853033753
129,Period 85-99,1.932603296,1.094183012,2.890812494
130,Period 85-99,1.927816747,1.094173728,2.86339679
131,Period 85-99,1.960423043,1.130216148,2.866568469
132,Period 85-99,1.974143654,1.138363951,2.914121481
133,Period 85-99,2.004951704,1.161384222,2.909309383
134,Period 85-99,2.039784562,1.187582716,2.965277704
135,Period 85-99,2.049117364,1.192636148,2.995711679
136,Period 85-99,2.07690192,1.212340667,2.991646543
137,Period 85-99,2.092857358,1.235352519,2.990705185
138,Period 85-99,2.109395358,1.237325309,2.968341136
139,Period 85-99,2.124592784,1.255342963,3.051001901
140,Period 85-99,2.169006531,1.292280222,3.053759778
141,Period 85-99,2.161026247,1.302796519,3.02154042
142,Period 85-99,2.200402327,1.324365185,3.083824247
143,Period 85-99,2.207421346,1.346952864,3.055920321
144,Period 85-99,2.226775852,1.380576099,3.063406074
145,Period 85-99,2.270435321,1.40265163,3.135459086
146,Period 85-99,2.293135549,1.454133481,3.148621679
147,Period 85-99,2.307539846,1.519553383,3.127203728
148,Period 85-99,2.329575012,1.583454864,3.146924716
149,Period 85-99,2.360266074,1.595807506,3.161378716
150,Period 85-99,2.402973562,1.603556519,3.147744889
151,Period 85-99,2.378439272,1.621602198,3.119981481
152,Period 85-99,2.39405227,1.623261601,3.167510083
153,Period 85-99,2.427954228,1.630910671,3.166555433
154,Period 85-99,2.441919789,1.67858385,3.173008014
155,Period 85-99,2.42496345,1.7121077,3.122109503
156,Period 85-99,2.459002784,1.731971272,3.158376072
157,Period 85-99,2.488261154,1.782459,3.214374964
158,Period 85-99,2.470497271,1.823094905,3.137322756
159,Period 85-99,2.530880815,1.825898865,3.189436087
160,Period 85-99,2.548380234,1.925845463,3.175359995
161,Period 85-99,2.536252844,1.956085835,3.184562602
162,Period 85-99,2.532013246,1.958441242,3.148571058
163,Period 85-99,2.545708065,1.949449586,3.227068543
164,Period 85-99,2.564848829,2.033769068,3.204513828
165,Period 85-99,2.559825987,2.095372222,3.187724342
166,Period 85-99,2.628549714,2.151108723,3.199086306
167,Period 85-99,2.631883454,2.14465215,3.212238792
168,Period 85-99,2.629491106,2.126644761,3.23721384
169,Period 85-99,2.648123911,2.184459667,3.202878757
170,Period 85-99,2.667833884,2.211146011,3.145679564
171,Period 85-99,2.664229564,2.19970279,3.222571635
172,Period 85-99,2.709201914,2.258527358,3.270243605
173,Period 85-99,2.674778525,2.236048568,3.153867333
174,Period 85-99,2.686622222,2.21765118,3.170746042
175,Period 85-99,2.71717613,2.240717728,3.231274593
176,Period 85-99,2.711116235,2.240415728,3.198726222
177,Period 85-99,2.699366564,2.167540126,3.25022853
178,Period 85-99,2.684160516,2.168889226,3.143021477
179,Period 85-99,2.677824016,2.178750024,3.176507778
180,Period 85-99,2.71599516,2.227127462,3.192133018
181,Period 85-99,2.693174284,2.154708758,3.190696434
182,Period 85-99,2.701363943,2.145667394,3.143415066
183,Period 85-99,2.672403768,2.14145529,3.133125483
184,Period 85-99,2.675794901,2.130307115,3.106860502
185,Period 85-99,2.673376577,2.113654367,3.130805507
186,Period 85-99,2.701088058,2.150389544,3.140665745
187,Period 85-99,2.689465089,2.092901048,3.115538158
188,Period 85-99,2.679624706,2.067100783,3.144648629
189,Period 85-99,2.670552994,2.103314914,3.110511753
190,Period 85-99,2.659362167,2.074701975,3.112086543
191,Period 85-99,2.696492216,2.045881407,3.134426519
192,Period 85-99,2.665279037,2.030614765,3.185582568
193,Period 85-99,2.645413253,1.997717481,3.091823728
194,Period 85-99,2.618539981,2.00285642,3.052026346
195,Period 85-99,2.592952074,2.023098099,3.071390049
196,Period 85-99,2.557132807,1.914064807,3.069994909
197,Period 85-99,2.552194457,1.90696999,3.02281589
198,Period 85-99,2.525717206,1.895403954,2.946204828
199,Period 85-99,2.537710642,1.897968592,2.957097149
200,Period 85-99,2.498777632,1.853884425,2.997584643
201,Period 85-99,2.494257697,1.842862906,2.890957933
202,Period 85-99,2.472934765,1.808762057,2.927542552
203,Period 85-99,2.467729773,1.791086487,2.927789326
204,Period 85-99,2.429188388,1.765805048,2.942034807
205,Period 85-99,2.443360666,1.748385892,2.990100682
206,Period 85-99,2.432779816,1.726931878,2.959026346
207,Period 85-99,2.443300934,1.730651205,2.98222355
208,Period 85-99,2.421842093,1.737682543,2.958019185
209,Period 85-99,2.421720525,1.691759778,3.029496741
210,Period 85-99,2.402236451,1.678761778,3.018689901
211,Period 85-99,2.382737383,1.656332173,3.014911432
212,Period 85-99,2.381843037,1.676428296,3.013771333
213,Period 85-99,2.348738348,1.597413053,3.008141323
214,Period 85-99,2.329883038,1.641820895,2.985530629
215,Period 85-99,2.332560792,1.620129499,2.975818707
216,Period 85-99,2.298691636,1.565509104,3.000573715
217,Period 85-99,2.290807126,1.575335032,2.99274983
218,Period 85-99,2.261080121,1.550390749,2.999175773
219,Period 85-99,2.223089422,1.517302347,2.945410656
220,Period 85-99,2.251644311,1.550944639,3.026821883
221,Period 85-99,2.209353348,1.490245245,3.02115541
222,Period 85-99,2.21730784,1.519290933,3.004398461
223,Period 85-99,2.182521429,1.477102838,3.007190741
224,Period 85-99,2.152533056,1.456444396,2.987539396
225,Period 85-99,2.194548998,1.504995329,3.041200615
226,Period 85-99,2.172550358,1.483917185,3.034105432
227,Period 85-99,2.139894315,1.469900123,3.019290339
228,Period 85-99,2.134290179,1.464181981,3.060431416
229,Period 85-99,2.115924512,1.45180242,3.019539457
230,Period 85-99,2.101392753,1.427013037,3.014905654
231,Period 85-99,2.062319002,1.428982498,2.979165954
232,Period 85-99,2.051461329,1.402457933,3.005771058
233,Period 85-99,2.048399836,1.397818738,2.971900268
234,Period 85-99,2.030054782,1.394641204,2.997571126
235,Period 85-99,1.976019839,1.372232217,2.883173435
236,Period 85-99,1.997086548,1.354777923,3.022910432
237,Period 85-99,1.941270978,1.343658188,2.921752126
238,Period 85-99,1.928951753,1.349681684,2.946402062
239,Period 85-99,1.934668884,1.338577632,2.974620005
240,Period 85-99,1.910345497,1.3424465,2.905631522
241,Period 85-99,1.889812256,1.327224342,2.940692641
242,Period 85-99,1.87908709,1.290764072,2.971322516
243,Period 85-99,1.851810089,1.312313926,2.894801836
244,Period 85-99,1.854578319,1.326025098,2.955848697
245,Period 85-99,1.81265499,1.28348884,2.933832989
246,Period 85-99,1.805512586,1.278033186,2.908377581
247,Period 85-99,1.814620611,1.288322074,2.961023605
248,Period 85-99,1.786953636,1.257008444,2.94549479
249,Period 85-99,1.777871086,1.266254691,2.866599284
250,Period 85-99,1.753844916,1.219162359,2.878482085
251,Period 85-99,1.724223532,1.220275049,2.85261384
252,Period 85-99,1.70710539,1.221951126,2.805604038
253,Period 85-99,1.660395053,1.181672124,2.729875762
254,Period 85-99,1.650045723,1.160631498,2.801127998
255,Period 85-99,1.635684906,1.202679197,2.737844885
256,Period 85-99,1.60850904,1.172705482,2.686864133
257,Period 85-99,1.608906222,1.169748972,2.689538767
258,Period 85-99,1.577727978,1.164559389,2.66695097
259,Period 85-99,1.542789641,1.136490539,2.599413998
260,Period 85-99,1.517424957,1.104768372,2.56449325
261,Period 85-99,1.500224572,1.096687372,2.56256931
262,Period 85-99,1.476529277,1.096249192,2.524087567
263,Period 85-99,1.430150209,1.062842134,2.410541716
264,Period 85-99,1.414173136,1.05898558,2.376513975
265,Period 85-99,1.387545895,1.043237827,2.308591679
266,Period 85-99,1.351792667,1.007993951,2.260568593
267,Period 85-99,1.312622438,0.95742279,2.223105407
268,Period 85-99,1.277223012,0.918829235,2.181683704
269,Period 85-99,1.286207185,0.89701684,2.247922914
270,Period 85-99,1.269972634,0.904019543,2.209554744
271,Period 85-99,1.24285904,0.901425541,2.111191372
272,Period 85-99,1.228417701,0.909346035,2.064168233
273,Period 85-99,1.213766606,0.897055068,2.026891179
274,Period 85-99,1.177805935,0.856168355,1.95538906
275,Period 85-99,1.166812191,0.84004852,1.964446021
276,Period 85-99,1.173171033,0.857169529,1.999870403
277,Period 85-99,1.138937094,0.839219165,1.910496652
278,Period 85-99,1.117091155,0.820555824,1.903042203
279,Period 85-99,1.091500667,0.792872149,1.860698189
280,Period 85-99,1.088134575,0.784131278,1.867646916
281,Period 85-99,1.070771072,0.772018869,1.844720876
282,Period 85-99,1.074246239,0.748333505,1.872251475
283,Period 85-99,1.04704104,0.730112611,1.792784956
284,Period 85-99,1.022338115,0.704742958,1.73352924
285,Period 85-99,1.0050334,0.701654581,1.67528153
286,Period 85-99,1.011233839,0.685231043,1.707001462
287,Period 85-99,0.995155824,0.671108406,1.673346028
288,Period 85-99,0.982360169,0.651878879,1.629602741
289,Period 85-99,0.971710248,0.639353206,1.592184068
290,Period 85-99,0.962486031,0.630172173,1.55462795
291,Period 85-99,0.959270117,0.638135284,1.522689654
292,Period 85-99,0.961764549,0.631283901,1.531190741
293,Period 85-99,0.967015086,0.614892469,1.547173654
294,Period 85-99,0.954119586,0.611757235,1.486338
295,Period 85-99,0.958817216,0.609319531,1.479989432
296,Period 85-99,0.957956377,0.600158272,1.447563926
297,Period 85-99,0.956919753,0.595471481,1.410829852
298,Period 85-99,0.96700592,0.59809116,1.39840921
299,Period 85-99,0.976921994,0.598794222,1.402121901
300,Period 85-99,1.003599642,0.620967481,1.430363481
301,Period 85-99,1.015705642,0.630328296,1.418459728
302,Period 85-99,1.032469654,0.633631753,1.42920279
303,Period 85-99,1.05700071,0.645727481,1.460722469
304,Period 85-99,1.081301778,0.659645481,1.491337531
305,Period 85-99,1.106767747,0.677958765,1.526216617
306,Period 85-99,1.131902333,0.701442148,1.530778519
307,Period 85-99,1.1577245,0.728582469,1.557427654
308,Period 85-99,1.180719278,0.755085358,1.594020519
309,Period 85-99,1.20214084,0.77179958,1.653053309
310,Period 85-99,1.23993813,0.786215259,1.727954716
311,Period 85-99,1.27099513,0.82554037,1.774130914
312,Period 85-99,1.300045315,0.842620222,1.808149951
313,Period 85-99,1.337261815,0.839343333,1.818070321
314,Period 85-99,1.380685389,0.880746741,1.843950642
315,Period 85-99,1.419822549,0.909349407,1.913945259
316,Period 85-99,1.452005241,0.913737111,1.970610148
317,Period 85-99,1.492150772,0.948253062,2.044137778
318,Period 85-99,1.537211821,0.962093802,2.091306444
319,Period 85-99,1.569951667,0.965017827,2.13891716
320,Period 85-99,1.60911721,0.992708198,2.185275556
321,Period 85-99,1.649166154,1.019448074,2.237260593
322,Period 85-99,1.700077228,1.040729062,2.271400593
323,Period 85-99,1.752630617,1.068960864,2.319132469
324,Period 85-99,1.795747333,1.095462444,2.400780049
325,Period 85-99,1.853030438,1.131075877,2.462827531
326,Period 85-99,1.906594457,1.187669728,2.524280049
327,Period 85-99,1.92953921,1.235927062,2.522457679
328,Period 85-99,1.950868099,1.267452519,2.545739852
329,Period 85-99,1.978619716,1.303135284,2.566436864
330,Period 85-99,2.020157117,1.343687704,2.593766469
331,Period 85-99,2.080862056,1.382072395,2.667153753
332,Period 85-99,2.13220942,1.415443259,2.712687383
333,Period 85-99,2.183807605,1.463632321,2.764135852
334,Period 85-99,2.217414549,1.492841901,2.840752741
335,Period 85-99,2.264931469,1.540063136,2.886104469
336,Period 85-99,2.311791994,1.578895407,2.948558864
337,Period 85-99,2.351824662,1.624663963,3.006058432
338,Period 85-99,2.404024951,1.676297556,3.091941605
339,Period 85-99,2.457052105,1.710221284,3.214815012
340,Period 85-99,2.493147216,1.705868938,3.295535333
341,Period 85-99,2.53434879,1.715825259,3.406464321
342,Period 85-99,2.571488358,1.728751062,3.519063728
343,Period 85-99,2.578699827,1.727973605,3.575632543
344,Period 85-99,2.580922846,1.692234741,3.617284667
345,Period 85-99,2.590852648,1.672422395,3.671329877
346,Period 85-99,2.598851858,1.711468222,3.699094741
347,Period 85-99,2.594093309,1.738868691,3.707497407
348,Period 85-99,2.598107852,1.755408395,3.739399679
349,Period 85-99,2.594891728,1.750413852,3.751673333
350,Period 85-99,2.594165753,1.737064617,3.781466617
351,Period 85-99,2.606007327,1.766808321,3.824435679
352,Period 85-99,2.616344068,1.768799926,3.900807086
353,Period 85-99,2.611361,1.762862494,3.936735753
354,Period 85-99,2.599569716,1.731458741,3.963366593
355,Period 85-99,2.591835309,1.726858963,3.981196346
356,Period 85-99,2.587419531,1.687070667,4.030935284
357,Period 85-99,2.597148667,1.705343037,4.081423111
358,Period 85-99,2.598706241,1.720665086,4.080566494
359,Period 85-99,2.600364099,1.727197654,4.077326667
360,Period 85-99,2.587851259,1.717174741,4.050109827
361,Period 85-99,2.595111895,1.738514765,4.071824741
362,Period 85-99,2.607079074,1.749675605,4.122563679
363,Period 85-99,2.557574901,1.711468247,3.984359432
364,Period 85-99,2.514289741,1.683411778,3.871444247
365,Period 85-99,2.502733636,1.69416837,3.854365383
366,Period 85-99,2.03830534,1.291911111,2.632495926
